N,P,K,temp,pH,Location
90,42,43,20.87974371,6.502985292,ryk
85,58,41,21.77046169,7.038096361,bahawalnagar
60,55,44,23.00445915,7.840207144,bwp
74,35,40,26.49109635,6.980400905,rajanpur
78,42,42,20.13017482,7.628472891,digikhan
69,37,42,23.05804872,7.073453503,layyah
69,55,38,22.70883798,5.70080568,m.garh
94,53,40,20.27774362,5.718627178,vihari
89,54,38,24.51588066,6.685346424,khanewal
68,58,38,23.22397386,6.336253525,lodhran
91,53,40,26.52723513,5.386167788,multan
90,46,42,23.97898217,7.50283396,pakpatan
78,58,44,26.80079604,5.108681786,sahiwal
93,56,36,24.01497622,6.98435366,okara
94,50,37,25.66585205,6.94801983,kasur
60,48,39,24.28209415,7.042299069,lahore
85,38,41,21.58711777,6.249050656,nankana sahib
91,35,39,23.79391957,6.970859754,shekupora
77,38,36,21.8652524,5.953933276,hafizabad
88,35,40,23.57943626,5.85393208,gujranwala
89,45,36,21.32504158,6.442475375,narowall
76,40,43,25.15745531,5.070175667,sialkot
67,59,41,21.94766735,6.012632591,gujrat
83,41,43,21.0525355,6.254028451,gujrat
98,47,37,23.48381344,7.375482851,gujrat
66,53,41,25.0756354,7.778915154,chainiot
97,59,43,26.35927159,6.286500176,jhang
97,50,41,24.52922681,7.070959995,faisalabad
60,49,44,20.77576147,6.244841491,bakar
84,51,35,22.30157427,6.043304899,mianwali
73,57,41,21.44653958,5.824709117,sialkot
92,35,40,22.17931888,6.357389366,gujrat
85,37,39,24.52783742,6.364134968,gujrat
98,53,38,20.26707606,5.01450727,gujrat
88,54,44,25.7354293,6.149410611,chainiot
95,55,42,26.79533926,5.950660556,jhang
99,57,35,26.75754171,5.960370061,faisalabad
95,39,36,23.86330467,5.561398642,bakar
60,43,44,21.01944696,7.416245107,mianwali
63,44,41,24.17298839,5.583370042,rajanpur
62,42,36,22.78133816,6.430010215,digikhan
64,45,43,25.62980105,5.534878156,layyah
83,60,36,25.59704938,6.903985986,m.garh
82,40,40,23.83067496,6.271478838,vihari
85,52,45,26.31355498,7.224285503,khanewal
91,35,38,24.8972823,6.13428721,lodhran
76,49,42,24.958779,5.206373153,multan
74,39,38,23.24113501,7.782051313,pakpatan
79,43,39,21.66628296,7.062779015,sahiwal
88,55,45,24.63544858,7.730367824,gujrat
60,36,43,23.43121862,5.286203711,mianwali
76,60,39,20.0454142,6.766240045,bakar
93,56,42,23.85724032,7.382762603,tobataiksingh
65,60,43,21.97199397,5.658169482,faisalabad
95,52,36,26.22916897,5.543360238,jhang
75,38,39,23.44676801,6.215109715,narowall
74,54,38,25.65553461,7.120272972,multan
91,36,45,24.44345477,5.950647577,khanewal
71,46,40,20.2801937,7.236705436,lodhran
99,55,35,21.7238313,6.501697816,jhang
72,40,38,20.41447029,7.592490617,jhang
83,58,45,25.75528612,5.875345751,jhang
93,58,38,20.61521424,6.932400225,jhang
70,36,42,21.84106875,6.946209881,bakar
76,47,42,20.08369642,5.739175027,bakar
99,41,36,24.45802087,6.738652179,bakar
99,54,37,21.14347496,5.594819626,gujrat
86,59,35,25.78720567,6.946636369,gujrat
69,46,41,23.64124821,5.012139669,gujrat
91,56,37,23.43191632,6.363472208,ryk
61,52,41,24.97669518,6.880431223,bahawalnagar
67,45,38,22.72791041,7.300410836,bwp
79,42,37,24.87300744,6.587918708,rajanpur
78,43,42,21.32376327,7.283736617,digikhan
75,54,36,26.29465461,7.023936392,layyah
97,36,45,22.2286982,6.939083505,m.garh
67,47,44,26.73072391,7.868474653,vihari
73,35,38,24.88921174,5.005306977,khanewal
77,36,37,26.88444878,6.136131869,lodhran
81,41,38,22.67846116,7.524080076,multan
68,57,43,26.08867875,5.706943251,pakpatan
72,45,35,25.42977518,5.758506323,sahiwal
61,53,43,26.40323239,6.349606327,okara
67,43,39,26.04371967,5.999969026,kasur
67,58,39,25.2827223,5.453592032,lahore
66,60,38,22.08576562,6.372576327,nankana sahib
82,43,38,23.28617173,5.105588355,shekupora
84,50,44,25.48591986,5.935344406,hafizabad
81,53,42,23.67575393,5.17782304,gujranwala
91,50,40,20.82477109,6.462391607,narowall
93,53,38,26.92995077,7.069172227,sialkot
90,44,38,23.83509503,7.473134377,gujrat
81,45,35,26.52872817,6.158376967,gujrat
78,40,38,26.46428311,7.549873681,gujrat
60,51,36,22.69657794,6.028321558,chainiot
88,46,42,22.68319059,6.604993475,jhang
93,47,37,21.53346343,6.500343222,faisalabad
60,55,45,21.40865769,5.935745417,bakar
78,35,44,26.54348085,7.072655622,mianwali
65,37,40,23.35905428,5.333322606,sialkot
71,54,16,22.61359953,5.749914421,attock
61,44,17,26.10018422,6.931756558,rawalpindi 
80,43,16,23.55882094,6.657964753,isl
73,58,21,19.97215954,6.596060648,jehlum
61,38,20,18.47891261,5.970458434,chakwall
68,41,16,21.77689322,6.158830619,sarjodha
93,41,17,25.6217169,6.047906679,khushab
89,60,19,25.19192419,5.913664501,mianwali
76,44,17,20.41683147,5.855442401,bakar
67,60,25,24.92162194,5.750254943,faisalabad
70,44,19,23.31689124,5.852607099,tobataiksingh
90,49,21,24.84016732,6.472523287,jhang
62,52,16,22.27526694,6.967057762,gujrat
92,44,16,18.87751445,6.082973754,m.b.din
66,54,21,25.19008683,5.919045532,sialkot
63,58,22,18.25405352,6.204747653,narowall
70,47,17,24.6129118,6.600827017,gujranwala
61,41,17,25.1420613,6.021902237,hafizabad
66,53,19,23.09348056,6.033550195,shekupora
74,55,19,18.05033737,6.28886807,nankana sahib
77,57,21,24.9321581,6.550563823,lahore
99,50,15,18.14710054,5.573286437,kasur
74,56,22,18.28362235,6.829199275,okara
83,45,21,18.83344471,5.716222912,sahiwal
100,48,16,25.71895816,5.54990242,pakpatan
79,51,16,25.33797709,6.586244581,multan
94,39,18,23.89114571,5.893093135,lodhran
75,49,15,21.53574127,5.918263801,khanewal
78,48,22,23.08974909,5.588650585,vihari
87,54,20,25.61707368,6.576418207,muzafargarh
87,35,25,21.44526922,6.178056304,layyah
63,43,19,18.51816776,6.641906353,d.g.khan
84,57,25,22.53510514,6.489040367,rajanpur
64,35,23,23.02038334,5.680361038,bahawalnagar
60,46,22,24.89364635,6.625404348,ryk
98,44,21,25.77175115,6.524478032,bahawalnagar
75,56,18,19.39851734,5.696205468,gujrat
86,55,21,21.54156232,6.803931519,m.b.din
98,35,18,23.79746068,6.252797548,sialkot
76,57,18,18.9802729,6.092725883,narowall
99,56,17,24.10859207,6.234330356,gujranwala
60,44,23,24.7947077,5.722579819,hafizabad
74,48,17,21.63162756,6.430616465,shekupora
89,60,17,25.37548751,5.983952675,nankana sahib
69,51,23,22.21738222,6.80163854,lahore
96,46,22,20.58314011,6.499936446,kasur
61,60,15,24.87502824,6.265564338,okara
74,58,18,20.03728219,6.727303282,sahiwal
74,43,23,25.95263264,6.325235159,pakpatan
63,43,17,19.28889933,6.807487794,multan
99,36,20,20.57981887,6.671085817,lodhran
77,36,23,24.71417533,6.648725327,khanewal
87,60,23,20.27317074,6.439071996,vihari
60,38,17,18.41932981,6.474476516,muzafargarh
94,54,17,23.39128187,5.871647806,layyah
95,38,22,19.84939404,5.730617109,d.g.khan
84,44,21,21.869274,5.850439831,rajanpur
77,58,19,22.8056033,5.791649933,bahawalnagar
66,44,20,19.0781471,6.740000688,ryk
63,35,16,22.02720976,6.272417541,bahawalnagar
79,45,20,23.80546189,5.715208817,attock
72,60,25,18.52510753,5.773454729,rawalpindi 
67,51,24,23.50297882,5.584171461,isl
86,36,24,26.54986394,5.787268394,jehlum
76,48,18,19.29563411,5.77597783,chakwall
75,53,18,20.68899915,6.864793607,sarjodha
81,45,23,19.32666088,6.192360003,khushab
73,45,21,24.60532218,6.636803223,mianwali
71,35,24,22.27373646,5.826426917,bakar
96,54,22,25.70196694,6.960358276,faisalabad
99,39,18,19.20129357,6.11275104,tobataiksingh
62,48,20,21.70181447,6.708446922,jhang
86,37,16,20.51716779,5.561510732,gujrat
94,50,19,23.30355338,5.873242491,m.b.din
76,39,24,24.2547451,6.995843776,sialkot
77,52,17,24.86374934,5.714799723,narowall
74,39,23,22.6265115,6.78073637,gujranwala
81,49,20,18.04185513,5.513697923,hafizabad
63,42,21,23.26237612,5.798423908,shekupora
99,38,21,22.88330922,6.352471866,nankana sahib
90,52,25,25.97482359,6.822586546,lahore
68,40,19,26.14384005,6.655426355,m.b.din
60,57,24,18.66116213,6.121294041,sialkot
71,52,18,25.10787449,5.790770203,narowall
61,59,17,23.33844615,6.47444292,gujranwala
88,38,15,25.08239719,6.455116637,hafizabad
65,60,22,25.36768364,6.606984086,shekupora
78,37,22,25.34217103,6.330554389,nankana sahib
78,58,15,25.00933355,6.528631266,lahore
92,60,23,18.66746724,5.721667141,kasur
79,59,17,20.37999665,6.644205485,okara
91,55,15,18.09300227,6.376651091,sahiwal
76,51,18,26.16985907,6.247040422,pakpatan
87,48,25,18.65396672,6.656730008,multan
71,60,22,26.07470121,6.2048017,lodhran
90,57,24,18.92851916,6.158860284,khanewal
67,35,22,23.30546753,6.385684214,vihari
60,54,19,18.74826712,6.417820493,muzafargarh
83,58,23,19.74213321,6.381201909,layyah
83,57,19,25.73044432,6.877869005,d.g.khan
40,72,77,17.02498456,7.485996067,ryk
23,72,84,19.02061277,6.920251378,bahawalnagar
39,58,85,17.88776475,5.996932037,bwp
22,72,85,18.86805647,6.391173589,rajanpur
36,67,77,18.36952567,7.152811172,digikhan
32,73,81,20.45078582,5.988992796,layyah
58,70,84,20.6543203,6.231049028,m.garh
59,70,84,17.3348681,7.550808267,vihari
42,62,75,18.17912258,7.010570541,khanewal
28,74,81,18.01272266,8.753795334,lodhran
58,66,79,20.99373558,8.718192847,multan
43,66,79,19.46233971,7.976607593,pakpatan
58,63,81,19.81344531,6.515499549,sahiwal
23,62,85,18.97424756,8.490127142,okara
27,62,77,18.19737048,6.576415562,kasur
28,72,84,18.72963144,6.481783043,lahore
50,56,76,20.99502153,7.966605025,nankana sahib
39,71,84,20.28155898,8.140825437,shekupora
25,78,76,17.48042641,7.228963452,hafizabad
31,70,77,20.88818675,6.492546046,gujranwala
26,80,83,17.08498521,7.528599957,narowall
25,68,77,20.09340593,7.701446446,sialkot
31,78,76,17.57212145,8.519975748,gujrat
60,68,83,19.12065218,6.620900869,gujrat
59,62,83,18.57665902,8.104396058,gujrat
22,67,78,17.16606398,6.204090835,chainiot
36,65,80,18.2872007,6.051091339,jhang
59,60,84,19.03025305,7.690962338,faisalabad
54,77,85,17.1418614,7.829211144,bakar
43,68,81,17.47809436,6.761599706,mianwali
28,76,82,20.56601874,6.654425315,sialkot
42,79,85,17.22385224,6.129533877,gujrat
32,60,83,19.69141713,8.829273328,gujrat
22,78,76,17.84851658,8.621662982,gujrat
31,79,75,18.8202251,8.204862075,chainiot
28,58,81,17.47500984,6.18042747,jhang
57,58,77,18.72649425,7.978996755,faisalabad
49,55,78,18.65580107,7.863113671,bakar
46,76,77,18.2356751,6.967843048,mianwali
54,61,77,18.81198127,6.206582193,rajanpur
38,60,76,18.65054116,8.868741443,digikhan
59,55,79,20.36720401,8.766128654,layyah
36,76,75,18.38120357,8.736337905,m.garh
57,68,81,17.17012591,8.081095263,vihari
35,66,81,19.37101121,6.138243973,khanewal
35,64,78,17.92845928,7.496645259,lodhran
52,60,79,19.45339934,8.380185271,multan
27,76,83,19.12829388,6.289614016,pakpatan
57,60,84,19.1034283,6.586777189,sahiwal
52,68,78,17.48504075,6.89655198,gujrat
43,79,79,19.40751744,7.806747656,mianwali
44,74,85,20.18649426,7.150681303,bakar
24,55,78,17.30287885,6.64919573,tobataiksingh
29,77,75,17.50361137,7.778591618,faisalabad
20,60,78,18.17234999,6.358740355,jhang
56,67,78,17.57445618,8.255450758,narowall
37,66,85,20.93175255,6.456148474,multan
49,71,76,19.71098332,6.613072145,khanewal
59,69,80,19.07937684,8.165359297,lodhran
20,79,77,18.54988627,7.64867466,jhang
24,56,85,18.19903647,6.545888558,jhang
51,72,75,18.88852533,7.104224797,jhang
57,73,85,18.49311205,7.358099622,jhang
22,64,82,19.48974337,6.4740245,bakar
52,73,79,17.25769499,7.840339389,bakar
29,75,75,19.62416326,7.064790365,bakar
44,59,78,20.67526473,7.599033472,gujrat
41,69,82,20.02381489,6.715587232,gujrat
52,56,85,20.1187446,6.81712422,gujrat
34,76,80,20.65691793,7.985417393,ryk
42,74,83,19.2582557,7.545258424,bahawalnagar
34,71,79,17.927806,7.728998197,bwp
27,73,79,19.16288268,7.354973451,rajanpur
30,70,79,20.26942271,7.313122235,digikhan
57,57,75,17.09104223,7.785039076,layyah
27,79,82,17.06579293,6.307004923,m.garh
32,71,85,20.62767492,6.403982316,vihari
31,76,82,20.8248451,7.599279991,khanewal
33,75,84,19.46210401,7.217018459,lodhran
47,80,77,17.18248372,7.561108006,multan
54,62,80,17.48911699,7.489545074,pakpatan
47,79,78,17.48395377,6.609696734,sahiwal
35,57,83,19.48316794,7.476800943,okara
53,73,77,19.71359733,7.325451279,kasur
45,61,78,19.48649305,6.489389282,lahore
37,78,79,19.95264829,7.786366322,nankana sahib
30,75,81,19.41789736,6.408437886,shekupora
37,55,82,19.45591848,8.423873703,hafizabad
53,65,76,20.19137759,8.719960893,gujranwala
22,60,85,18.8392908,7.811997977,narowall
60,61,78,20.71219282,6.317153205,sialkot
42,67,77,18.99424448,7.114405288,gujrat
39,76,76,19.96837462,8.135900726,gujrat
35,63,76,17.81564548,7.714153038,gujrat
30,65,82,20.71424384,7.103798069,chainiot
57,56,78,17.34150229,8.861479668,jhang
48,65,78,17.43732714,7.861128148,faisalabad
36,56,83,18.89780215,7.4526709,bakar
40,58,75,18.59190771,7.168096055,mianwali
49,69,82,18.31561493,7.26311855,sialkot
13,60,25,17.13692774,5.68597166,attock
25,70,16,19.63474332,5.759237003,rawalpindi 
31,55,22,22.91350245,5.873171894,isl
40,64,16,16.43340342,5.926676985,jehlum
2,61,20,22.13974653,5.95561668,chakwall
26,65,22,17.84806561,5.949949081,sarjodha
17,57,21,19.88394011,5.789214289,khushab
26,80,18,19.32509638,5.581021521,mianwali
17,59,17,18.4167001,5.689858133,bakar
27,59,22,21.81167649,5.794158504,faisalabad
28,58,24,19.72702528,5.748190463,tobataiksingh
25,57,19,17.15432954,5.566522896,jhang
28,80,17,19.62207826,5.809419584,gujrat
25,60,22,21.63149148,5.887263027,m.b.din
12,78,23,16.06522754,5.99812453,sialkot
6,77,25,20.61162204,5.792744849,narowall
22,79,17,21.42451099,5.912289889,gujranwala
27,80,15,19.07096165,5.788386951,hafizabad
10,55,23,21.18853178,5.728233081,shekupora
23,65,20,23.0429097,5.833940084,nankana sahib
19,78,16,20.65375833,5.967533236,lahore
19,65,25,18.09551014,5.625096446,kasur
22,70,19,18.23775702,5.515615023,okara
37,64,22,17.48189735,5.954665349,sahiwal
11,71,17,19.9191786,5.74644777,pakpatan
18,79,20,20.27514686,5.877347515,multan
21,63,17,15.77370214,5.979973965,lodhran
24,80,22,16.71170642,5.635993966,khanewal
34,60,22,17.66148158,5.635231778,vihari
16,75,21,18.50692825,5.679224346,muzafargarh
17,77,23,24.51324787,5.670062975,layyah
37,72,18,18.87614998,5.724242065,d.g.khan
40,73,20,21.59343016,5.811314232,rajanpur
9,77,17,20.12373284,5.783425416,bahawalnagar
1,62,23,15.43546065,5.607808432,ryk
33,59,22,22.64236876,5.946999529,bahawalnagar
23,59,19,21.98560799,5.852046999,gujrat
6,62,22,20.53052663,5.824090984,m.b.din
25,63,20,15.78601387,5.502999119,sialkot
7,79,23,19.6365349,5.821649914,narowall
8,72,17,20.57341244,5.711439256,gujranwala
27,64,15,20.16080524,5.514927264,hafizabad
28,66,23,21.53989176,5.99616119,shekupora
32,57,18,15.53834801,5.695422863,nankana sahib
27,56,22,19.91853092,5.833010958,lahore
17,77,24,20.76952209,5.568456899,kasur
0,65,15,23.46168338,5.645435626,okara
13,72,21,24.32116642,5.821194486,sahiwal
34,60,23,20.12574053,5.659254981,pakpatan
9,80,19,21.80619564,5.945465949,multan
11,72,20,19.52226241,5.951177452,lodhran
3,67,24,17.00067625,5.520880014,khanewal
35,69,23,16.78791503,5.578410206,vihari
3,77,25,24.84906168,5.608165195,muzafargarh
23,62,19,16.51783455,5.609435128,layyah
22,71,17,18.15300153,5.509295379,d.g.khan
31,79,25,23.18864385,5.902033406,rajanpur
34,59,18,23.38002569,5.744117663,bahawalnagar
12,63,17,18.358923,5.717143397,ryk
27,56,20,19.25975367,5.542690119,bahawalnagar
7,63,24,22.95458237,5.858617867,attock
24,67,22,20.120043,5.618844277,rawalpindi 
11,71,24,21.14011423,5.606620346,isl
37,74,15,24.92360104,5.582178402,jehlum
25,76,24,15.33042636,5.56503533,chakwall
34,66,17,18.81097271,5.889614577,sarjodha
20,69,15,23.44260668,5.934136378,khushab
37,65,16,22.8352024,5.683548308,mianwali
18,74,15,24.9035819,5.70836603,bakar
4,67,25,23.78709569,5.948164454,faisalabad
37,56,25,22.05592283,5.774755144,tobataiksingh
5,59,15,18.87492997,5.97229163,jhang
11,61,21,18.62328774,5.532100554,gujrat
22,80,20,23.00884744,5.669560726,m.b.din
12,61,19,19.33162606,5.655726817,sialkot
5,74,21,16.24469193,5.591704014,narowall
27,69,22,17.91652287,5.932323085,gujranwala
31,75,18,15.46789263,5.824208309,hafizabad
36,68,20,17.06104474,5.86442953,shekupora
5,65,16,21.32776028,5.866744372,nankana sahib
32,79,15,23.90910104,5.706198621,lahore
11,78,22,23.89756791,5.940546818,m.b.din
0,55,22,22.98666928,5.916779289,sialkot
14,59,15,21.35135729,5.779090476,narowall
29,68,23,24.1638445,5.82738029,gujranwala
32,68,19,24.62835037,5.514234138,hafizabad
17,64,17,21.02213209,5.662699104,shekupora
13,69,19,17.30844532,5.86390397,nankana sahib
14,67,22,23.82576704,5.624690248,lahore
9,69,20,19.30607278,5.591560999,kasur
20,73,22,16.03768615,5.976312538,okara
40,78,20,19.18572809,5.669236258,sahiwal
27,72,23,19.92889503,5.961934481,pakpatan
14,67,15,19.56376468,5.690065688,multan
7,56,18,18.31357543,5.698371311,lodhran
27,65,18,20.10993761,5.59503163,khanewal
30,63,16,23.60506572,5.525904526,vihari
37,70,25,19.73136909,5.819403771,muzafargarh
27,63,19,20.93409877,5.562201934,layyah
22,60,24,18.78226261,5.630664753,d.g.khan
3,72,24,36.51268371,6.03160778,ryk
40,59,23,36.89163721,5.269084669,bahawalnagar
33,73,23,29.23540524,5.985792703,bwp
27,57,24,27.33534897,6.09186275,rajanpur
10,79,18,21.0643684,5.624731338,digikhan
30,75,25,30.33276599,6.446091759,layyah
40,70,20,31.80130272,5.623490043,m.garh
38,55,19,33.18184225,5.864623352,vihari
35,58,20,29.38538562,5.761702519,khanewal
38,61,21,30.27374995,4.696518678,lodhran
33,58,24,35.45790488,5.269504214,multan
16,56,17,33.80020039,7.445444883,pakpatan
31,72,17,28.69180475,5.833031708,sahiwal
16,80,20,31.24021696,7.339320929,okara
27,72,17,28.98039357,6.347929353,kasur
40,62,19,27.32198928,4.697750704,lahore
18,58,16,21.47607807,4.962661422,nankana sahib
3,68,16,18.31910448,4.964887857,shekupora
26,67,24,36.97794384,5.642813116,hafizabad
16,70,20,24.80467592,5.6093956,gujranwala
24,63,19,19.3479443,4.681576043,narowall
9,76,25,28.88302142,5.70951224,sialkot
16,55,19,19.54314136,6.413543781,gujrat
28,75,21,24.7741949,6.007508163,gujrat
16,71,24,18.33124824,4.946369874,gujrat
24,70,21,19.14729038,5.517208078,chainiot
38,72,21,28.23416057,5.902103172,jhang
9,66,21,30.11812084,5.719889876,faisalabad
34,56,17,33.4126864,4.548202098,bakar
1,76,19,24.18553163,6.669529416,mianwali
6,69,19,26.88630675,4.750929218,sialkot
26,73,21,31.33170829,4.946263888,gujrat
27,61,18,33.30711818,5.266227032,gujrat
27,71,23,23.45379018,7.10959773,gujrat
36,61,21,34.53823889,5.617008201,chainiot
17,73,18,19.50112224,5.632353113,jhang
26,72,22,28.76794904,4.674941549,faisalabad
17,64,16,30.97758716,7.161797643,bakar
14,74,19,18.39759147,6.624966131,mianwali
39,60,15,35.09357419,5.004074624,rajanpur
6,66,15,34.93174223,6.345806011,digikhan
8,59,18,29.50523036,6.216814453,layyah
2,67,18,34.51934775,5.921666758,m.garh
1,76,17,28.43430726,6.012719118,vihari
16,73,19,18.41645629,4.684079249,khanewal
23,75,25,31.07508973,7.077170002,lodhran
32,70,20,20.89342749,6.208843215,multan
28,59,22,30.90607799,7.05181629,pakpatan
5,62,23,27.9348279,4.722222454,sahiwal
36,67,25,35.95176642,6.418062652,gujrat
1,66,23,19.54317155,4.803564468,mianwali
24,73,20,19.63736208,4.608695247,bakar
17,67,18,31.2192752,5.611510977,tobataiksingh
5,55,18,33.50876355,7.322097972,faisalabad
5,56,24,24.80710166,5.023115055,jhang
37,77,17,36.20970524,5.617122801,narowall
13,73,20,30.50420876,5.391560418,multan
6,63,23,26.01630259,5.906596905,khanewal
16,77,22,31.48469278,6.574209678,lodhran
25,64,20,33.15122581,4.807776749,jhang
34,75,24,23.50222822,4.760038039,jhang
20,77,23,34.87248659,5.180271502,jhang
35,80,25,28.09269012,4.895927306,jhang
14,75,24,24.54757829,6.436160044,bakar
36,80,21,33.64769646,7.066087261,bakar
7,77,18,20.5591255,6.655918078,bakar
29,78,25,19.95991719,5.982854523,gujrat
30,60,21,28.87667593,5.457871273,gujrat
20,74,16,36.04353699,4.759490199,gujrat
19,57,23,23.6734328,7.342409555,ryk
3,60,19,25.74679443,4.820788186,bahawalnagar
5,77,19,31.08564994,6.242052013,bwp
5,68,20,18.72987676,5.001038726,rajanpur
37,73,21,29.50304807,5.560224583,digikhan
9,59,24,20.43517772,4.747352458,layyah
20,72,15,36.00415838,7.313517308,m.garh
31,56,23,31.46846241,5.661826398,vihari
0,70,21,36.30049702,4.672437054,khanewal
21,74,15,29.49096726,6.471862118,lodhran
13,67,18,30.5753044,5.384762927,multan
27,74,20,24.69487673,5.859813416,pakpatan
29,72,24,23.17409556,6.962386495,sahiwal
5,68,20,19.04380471,6.12166671,okara
39,57,19,29.32379604,6.421748487,kasur
22,62,16,34.6455408,4.828936119,lahore
18,55,23,21.9989826,6.98571967,nankana sahib
39,77,21,22.99774444,4.603563116,shekupora
13,75,20,30.55992394,6.979540061,hafizabad
27,71,24,31.46417866,7.064973419,gujranwala
26,64,22,25.95058595,5.16516459,narowall
23,55,16,21.01142393,5.111488821,sialkot
4,69,19,19.25100056,5.374358869,gujrat
20,67,19,19.24462755,5.671419084,gujrat
7,74,17,22.47253208,5.667419697,gujrat
17,64,18,36.75087487,6.07938452,chainiot
35,71,17,29.89286629,6.931924963,jhang
11,72,22,29.37735586,6.842744374,faisalabad
20,60,22,29.65052947,6.876572503,bakar
10,71,18,19.54284889,6.151029296,mianwali
33,61,24,20.04611791,4.567446499,sialkot
3,49,18,27.91095209,3.692863601,attock
22,59,23,27.32220619,4.371745575,rawalpindi 
36,58,25,28.66024187,8.399135958,isl
4,43,18,29.02955344,8.840656256,jehlum
29,54,16,27.78031515,8.153022903,chakwall
32,43,22,31.99928579,5.270749441,sarjodha
14,55,15,27.33580911,8.050304395,khushab
5,35,20,28.92952635,9.679240873,mianwali
25,57,24,27.65472156,6.974978386,bakar
11,53,24,28.52396666,7.39389918,faisalabad
40,49,17,31.02215872,6.68727523,tobataiksingh
38,56,25,25.74095321,7.88118645,jhang
27,43,23,31.70447482,5.875333778,gujrat
24,38,22,24.47876451,8.202706015,m.b.din
23,45,21,31.46511256,8.985348193,sialkot
29,57,20,25.60973447,5.87707519,narowall
31,35,23,30.30260453,7.707595055,gujranwala
0,55,25,28.17489437,4.524171562,hafizabad
7,45,22,25.50634557,9.926212291,shekupora
17,58,25,31.12896766,6.455592696,nankana sahib
11,44,17,26.34043268,8.016210782,lahore
22,49,22,28.23494706,3.71105919,kasur
9,51,19,27.04453473,5.49091063,okara
28,48,15,25.16125354,9.254089438,sahiwal
26,50,19,27.3179125,6.005242945,pakpatan
36,56,20,25.4123765,7.437078236,multan
8,60,18,31.21629982,3.808429173,lodhran
24,37,21,30.573999,5.818219385,khanewal
22,43,24,25.42517036,4.52363558,vihari
36,43,24,27.09400578,3.510404312,muzafargarh
22,44,24,24.30935081,6.030447288,layyah
17,43,22,30.06142622,5.498340808,d.g.khan
8,45,15,28.09568993,4.61136408,rajanpur
7,56,23,26.33908791,5.545219232,bahawalnagar
36,57,16,28.61409059,8.292875734,ryk
11,45,19,28.70012137,3.828031463,bahawalnagar
6,36,22,24.21610338,8.869532817,gujrat
17,57,20,28.50677929,3.793575185,m.b.din
4,47,20,25.97948991,4.193189124,sialkot
9,49,16,30.88482722,7.661537348,narowall
25,51,24,25.5042419,9.392694614,gujranwala
36,44,21,25.12528913,4.516154055,hafizabad
21,38,20,27.10508014,5.794289715,shekupora
37,57,20,31.1006247,7.354286985,nankana sahib
32,48,18,26.45707778,5.993513566,lahore
29,44,20,30.04132304,8.620107545,kasur
25,51,18,27.77799528,9.45949344,okara
10,44,24,30.99256944,8.0344125,sahiwal
23,35,18,26.4908332,5.414492777,pakpatan
9,60,23,31.96987867,6.276004336,multan
3,58,21,25.36140526,9.160691747,lodhran
22,42,22,25.54249137,7.887658711,khanewal
12,39,21,28.99319096,8.183844843,vihari
39,36,22,29.34317422,9.072011412,muzafargarh
32,41,16,28.63618921,7.702287236,layyah
30,41,15,24.83206631,5.88509677,d.g.khan
19,36,22,25.44689075,6.16496284,rajanpur
4,46,15,31.01274943,3.504752314,bahawalnagar
21,39,20,27.06179658,7.388007483,ryk
35,57,25,27.0956288,8.340398059,bahawalnagar
22,55,24,28.56800579,8.66077954,attock
35,51,17,28.79929247,3.558822825,rawalpindi 
17,56,17,27.94293692,5.9565851,isl
28,57,17,30.47757686,9.416003106,jehlum
22,36,16,30.58139475,8.18422855,chakwall
11,41,19,26.85911286,5.131779302,sarjodha
38,38,18,26.31051759,6.294130313,khushab
23,37,24,28.77833449,7.991902443,mianwali
25,35,20,28.90245417,8.923095695,bakar
40,45,20,29.37687468,6.878498176,faisalabad
23,58,19,24.17093241,5.243634849,tobataiksingh
2,56,23,26.65333029,7.550090941,jhang
3,56,17,28.19912143,8.709291688,gujrat
26,51,25,28.76488954,7.792508068,m.b.din
39,42,20,29.3499706,8.055908858,sialkot
27,59,20,28.00937423,4.397698806,narowall
24,45,19,26.85851927,5.952384957,gujranwala
7,40,17,31.2123945,8.532078733,hafizabad
15,45,23,24.20422636,7.224193642,shekupora
26,52,23,29.98835437,4.931890506,nankana sahib
20,45,16,29.93964907,4.626212446,lahore
34,54,24,31.2119298,5.026003659,m.b.din
19,51,25,26.80474415,3.5253661,sialkot
29,41,21,31.49398069,8.86979671,narowall
20,50,22,30.99694676,9.406887533,gujranwala
11,40,23,29.61253065,5.80428611,hafizabad
15,54,15,29.97604322,8.35495812,shekupora
35,55,22,30.88883074,8.634929739,nankana sahib
9,59,25,30.39321309,7.699200949,lahore
40,45,18,30.43683729,5.261285926,kasur
35,38,19,25.32688786,9.112771682,okara
14,58,17,30.53684308,4.605700542,sahiwal
40,55,18,30.38257873,7.115994051,pakpatan
18,36,23,24.01825377,7.214078621,multan
35,52,15,28.69841277,9.93509073,lodhran
4,59,22,29.33743412,8.914074888,khanewal
22,51,16,27.96583691,8.639586199,vihari
33,47,17,24.86803974,8.621514073,muzafargarh
2,51,17,25.87682261,5.838508699,layyah
16,51,21,31.01963639,3.532008668,d.g.khan
19,55,20,27.43329405,7.18530147,ryk
8,54,20,28.3340432,7.034214276,bahawalnagar
36,55,20,27.01470397,6.635968698,bwp
10,56,16,28.17432665,6.828187499,rajanpur
22,56,17,29.87888063,6.89077995,digikhan
9,57,24,29.89232778,7.165121109,layyah
34,59,23,28.56212158,6.935804256,m.garh
31,51,25,27.53592929,7.196774236,vihari
0,49,18,29.68361658,6.990095452,khanewal
21,39,20,28.14448546,7.064782138,lodhran
28,35,22,29.53037621,7.156563094,multan
17,52,17,27.88352946,6.364967184,pakpatan
24,42,23,28.22471276,6.428054409,sahiwal
28,46,16,29.008124,6.664187809,okara
21,38,21,29.75538903,6.637677489,kasur
34,60,25,29.78416743,6.79385576,lahore
19,53,22,27.8640132,6.852884643,nankana sahib
31,58,15,27.11026483,7.121571293,shekupora
19,35,24,27.11030369,6.883308033,hafizabad
24,53,17,28.95451232,6.421271178,gujranwala
13,47,20,29.21780035,6.54450214,narowall
31,53,16,28.7420098,6.452006451,sialkot
28,45,23,29.65021184,6.489259136,gujrat
31,37,21,27.23924995,6.713410626,gujrat
33,60,15,28.95172351,6.510840928,gujrat
34,45,21,28.18837136,6.287380117,chainiot
13,57,25,28.30041493,6.86308576,jhang
33,57,17,27.89636126,6.78415271,faisalabad
32,57,22,28.6899851,6.769415888,bakar
23,59,25,27.8262623,6.320768488,mianwali
35,41,18,28.70562673,6.705008504,sialkot
6,48,24,28.6362812,6.790736339,gujrat
29,36,25,28.28511547,7.130278657,gujrat
4,36,22,27.60887393,7.012740397,gujrat
10,59,22,28.60901145,7.155685016,chainiot
14,48,21,29.24598976,6.991242362,jhang
8,50,21,28.62911222,6.218923893,faisalabad
20,40,15,29.57329479,7.199495368,bakar
36,43,22,27.82684262,6.389882166,mianwali
14,57,15,29.8757015,6.623438282,rajanpur
11,60,23,27.33684386,7.033012777,digikhan
10,59,15,29.83040388,6.32400451,layyah
7,60,25,28.2753171,6.397636709,m.garh
2,47,15,29.86860065,6.401455706,vihari
20,45,22,29.5888162,6.904587016,khanewal
2,39,15,28.07219563,6.478557136,lodhran
27,40,24,27.84026517,7.063022095,multan
35,48,15,27.10818093,6.981758362,pakpatan
4,59,25,27.68515114,6.227134139,sahiwal
1,48,24,29.34594634,6.232836962,gujrat
36,43,21,28.36319404,7.140437859,mianwali
11,46,24,27.65280218,6.459252023,bakar
34,47,19,27.31372793,6.568795404,tobataiksingh
21,44,18,27.06909959,7.12851089,faisalabad
17,58,20,28.06642822,6.42937879,jhang
25,40,21,27.73329078,6.248900919,narowall
2,38,18,27.53632932,6.619891498,multan
9,48,20,29.66461594,6.377568542,khanewal
37,49,25,29.9145443,6.415459592,lodhran
36,38,15,28.36363858,6.320662012,jhang
40,58,15,29.46416042,6.978400282,jhang
30,44,16,29.73013036,6.442335593,jhang
1,59,23,27.46852989,7.184398832,jhang
9,48,22,27.77076285,6.402926221,bakar
14,41,17,29.12939524,7.085982325,bakar
35,52,19,27.10606808,6.698574085,bakar
31,48,17,28.88078945,6.594739424,gujrat
4,41,20,28.14720892,6.647965508,gujrat
30,37,25,29.89129144,7.120032489,gujrat
9,35,20,27.41503453,6.91380932,ryk
20,41,20,29.27308605,7.073048264,bahawalnagar
37,50,23,29.65296893,6.5304707,bwp
34,35,21,28.44524991,6.684381357,rajanpur
14,37,15,27.96235681,6.581351374,digikhan
23,39,22,29.25649321,6.86483915,layyah
5,45,21,28.36291385,6.487124217,m.garh
22,37,20,27.62749466,6.605733068,vihari
40,51,17,28.66086349,6.860602782,khanewal
27,56,20,29.2114218,6.41874299,lodhran
31,40,22,29.40889385,6.365513634,multan
38,36,21,28.02952623,6.556372966,pakpatan
6,37,17,28.08657178,6.760694228,sahiwal
6,47,18,29.16174608,6.715276663,okara
24,44,17,29.8596912,6.666380512,kasur
25,59,19,29.06631494,6.626629798,lahore
32,56,21,27.38538997,6.702772465,nankana sahib
8,45,18,27.93034941,7.011030515,shekupora
19,39,17,29.2808618,6.890156495,hafizabad
39,37,15,28.9973145,6.821747052,gujranwala
33,37,19,27.92678579,7.183189922,narowall
26,54,17,28.5474135,6.27258822,sialkot
21,51,15,29.36488409,6.679127482,gujrat
22,54,20,28.56149805,6.689825155,gujrat
29,45,16,28.43683487,6.583381939,gujrat
4,40,21,28.79728147,6.725551062,chainiot
10,37,22,28.7275267,7.069747814,jhang
4,44,19,27.95639663,6.921993878,faisalabad
20,45,17,28.17458662,6.770955317,bakar
23,45,23,28.77653519,6.983130466,mianwali
25,48,21,28.438097,6.267684328,sialkot
56,79,15,29.48439992,7.454532137,attock
25,62,21,26.73433965,7.040056094,rawalpindi 
42,61,22,26.27274407,7.418650668,isl
42,73,25,34.03679184,6.501869314,jehlum
44,58,18,28.03644051,6.814410928,chakwall
50,55,16,28.81460716,7.581442888,sarjodha
35,72,21,34.03619494,7.741418772,khushab
30,64,20,33.8642935,6.573531614,mianwali
27,64,21,32.84213012,7.543804223,bakar
50,74,17,27.10053268,6.5408208,faisalabad
39,73,24,25.65842532,7.22405917,tobataiksingh
57,67,25,32.34744009,7.551364319,jhang
52,63,19,29.58949031,6.928898659,gujrat
55,66,22,30.91219459,7.747775263,m.b.din
51,56,18,28.12787838,6.706505915,sialkot
36,66,15,30.08545364,6.668238556,narowall
59,55,19,31.74379487,7.332375138,gujranwala
50,58,23,27.81326852,7.596802025,hafizabad
30,65,25,32.88733849,7.70650895,shekupora
20,62,18,29.36358721,7.366542647,nankana sahib
58,71,15,27.82592799,6.919243702,lahore
25,71,24,28.49538735,7.187721818,kasur
52,71,16,27.74274761,7.075886472,okara
40,63,18,30.41588462,6.74441168,sahiwal
20,60,25,27.3254209,6.726469088,pakpatan
48,61,21,30.28496619,6.628264883,multan
49,68,22,28.56840626,7.127064207,lodhran
48,62,15,25.36586097,7.538631462,khanewal
32,66,17,34.9466155,7.162357641,vihari
21,63,22,25.09737391,6.859409487,muzafargarh
20,72,19,32.47648301,7.397190844,layyah
25,65,21,33.86351172,6.880245789,d.g.khan
41,78,21,25.19857725,6.581313137,rajanpur
53,67,17,31.77681682,7.296972161,bahawalnagar
39,60,21,34.89814946,6.97297656,ryk
25,76,17,31.74105409,7.241148507,bahawalnagar
21,78,19,27.16159076,6.92009048,gujrat
57,60,17,26.23773129,7.504608385,m.b.din
56,75,15,30.20157245,7.152272256,sialkot
49,72,15,31.55846339,7.137004749,narowall
24,80,19,29.67892453,6.808041722,gujranwala
49,76,18,27.05365239,7.393631868,hafizabad
28,68,19,34.63880966,7.69950698,shekupora
55,78,21,33.39438752,6.602888249,nankana sahib
50,64,25,28.84079155,6.734447425,lahore
34,80,19,31.49338309,6.521217963,kasur
20,68,23,25.54960633,7.707332484,okara
55,67,16,34.37329112,6.596719015,sahiwal
23,70,15,34.6008247,7.403623355,pakpatan
53,74,15,29.43463808,7.517097,multan
26,67,16,29.10713092,7.17620823,lodhran
33,80,22,28.57006111,6.593961761,khanewal
37,79,19,27.54384835,7.143942758,vihari
33,75,21,33.04687968,6.690655045,muzafargarh
22,55,20,33.95309131,7.423530351,layyah
20,68,17,30.11873003,6.578714843,d.g.khan
43,68,20,29.57812712,7.497469256,rajanpur
44,76,22,27.26458947,7.775306272,bahawalnagar
34,60,16,31.35730791,7.322555223,ryk
21,72,17,31.52104732,7.580527339,bahawalnagar
25,68,19,29.39982732,7.108450121,attock
41,62,15,29.38400259,7.358974541,rawalpindi 
28,65,23,28.38686534,7.405176138,isl
35,64,15,28.47442276,6.500144962,jehlum
52,58,16,30.64095781,7.167435834,chakwall
58,75,25,25.25596239,7.261791753,sarjodha
34,66,19,32.97030511,7.586642101,khushab
52,70,16,33.66855394,7.534811833,mianwali
23,57,19,32.83963757,7.251000789,bakar
42,58,25,27.45853567,6.513620918,faisalabad
37,62,17,25.68576704,7.121254928,tobataiksingh
44,75,22,30.0328403,7.574561547,jhang
21,80,20,28.20667264,7.350869792,gujrat
56,76,16,28.27265858,7.513151076,m.b.din
29,76,15,28.5417236,7.025607706,sialkot
43,61,20,26.87187036,6.804253866,narowall
55,60,15,32.79766751,7.163043872,gujranwala
44,63,15,26.42333018,7.338929556,hafizabad
29,67,21,29.79181107,6.621323612,shekupora
47,63,16,27.44003279,6.661870999,nankana sahib
40,68,17,34.1262979,7.733149554,lahore
58,61,15,30.94908189,7.402891666,m.b.din
41,74,18,28.75751783,6.599147298,sialkot
58,79,17,27.24766491,7.04174124,narowall
27,62,24,28.63005477,7.353876754,gujranwala
27,60,17,26.41768321,7.026795359,hafizabad
52,65,20,32.81705216,6.814301033,shekupora
44,55,25,29.6321052,7.42160832,nankana sahib
21,62,24,33.49077065,6.847382891,lahore
60,59,22,31.86847286,7.191522601,kasur
33,77,21,30.32992227,7.01285529,okara
59,58,17,28.546224,7.368318809,sahiwal
29,63,17,30.02629908,7.26154329,pakpatan
59,63,18,31.65531175,6.52669158,multan
29,70,15,30.33499674,6.872594461,lodhran
58,73,16,33.36984395,6.874142175,khanewal
55,77,22,31.4345059,7.76061831,vihari
42,79,23,27.71678273,6.781841984,muzafargarh
44,77,21,32.63918668,7.326980454,layyah
38,62,25,32.7477393,7.453975408,d.g.khan
32,76,15,28.05153602,7.604110177,ryk
13,61,22,19.44084326,7.728832424,bahawalnagar
38,60,20,29.84823072,7.491217102,bwp
11,74,17,21.36383757,6.633864582,rajanpur
37,71,16,26.28663931,7.324863481,digikhan
29,71,18,22.17499963,6.410441476,layyah
2,72,18,26.57597546,7.836719564,m.garh
6,59,21,26.58972517,6.139215944,vihari
13,64,20,19.1345771,6.590571088,khanewal
8,58,17,28.75273118,7.286049978,lodhran
6,77,20,25.78746268,6.058306161,multan
2,75,22,23.89271875,6.658605362,pakpatan
3,69,23,28.67408774,7.299360767,sahiwal
27,80,24,28.42062847,7.815210661,okara
39,78,15,21.35499456,5.925391795,kasur
40,79,17,21.12695586,6.403683619,lahore
37,62,22,24.02037872,7.397546271,nankana sahib
31,60,24,25.40474421,7.722335992,shekupora
22,67,22,29.03017561,7.475926645,hafizabad
3,78,18,20.21368219,6.887130053,gujranwala
4,80,16,29.19585548,7.441976825,narowall
13,61,24,18.29783597,7.629910253,sialkot
12,66,20,27.41434987,7.336117221,gujrat
4,61,21,24.84063998,6.75020529,gujrat
9,60,21,29.94413861,7.52178027,gujrat
18,66,22,25.87990287,6.347379185,chainiot
32,56,18,20.0467711,7.135251532,jhang
6,72,15,22.99451999,7.670178119,faisalabad
15,77,20,25.13163619,7.399749291,bakar
0,65,24,28.49584395,7.841496029,mianwali
30,79,22,18.28766124,6.254216611,sialkot
3,63,16,24.38041875,6.868881708,gujrat
2,78,23,21.31852148,7.320514721,gujrat
10,78,18,18.54141834,6.296976913,gujrat
14,67,25,25.28710601,7.241151936,chainiot
39,65,23,25.43459777,7.685959305,jhang
19,72,15,28.83600962,6.890760124,faisalabad
18,57,21,27.37659643,6.155915975,bakar
31,58,15,28.31886863,6.167855382,mianwali
28,58,25,27.4818649,6.861640036,rajanpur
5,65,19,18.28072173,6.978361689,digikhan
16,65,19,27.61204997,7.043160241,layyah
34,65,19,23.43974653,5.94239222,m.garh
14,69,19,20.95628486,7.239455147,vihari
22,55,16,23.7937153,6.516317561,khanewal
24,61,17,22.6371424,6.233269045,lodhran
2,79,15,21.53577883,7.505283615,multan
26,63,17,29.87854588,6.950300686,pakpatan
27,61,15,25.2653291,6.958054839,sahiwal
24,70,16,25.17885316,6.54803469,gujrat
13,74,25,24.12192608,6.461618577,mianwali
6,64,23,23.33565221,7.065264073,bakar
12,58,23,21.74600081,6.765091462,tobataiksingh
32,79,22,27.60195453,5.91645379,faisalabad
6,68,18,24.388717,6.711341147,jhang
10,79,20,24.98287462,6.379881442,narowall
38,77,22,28.234829,6.313284268,multan
17,74,17,26.03026959,7.393210848,khanewal
26,68,24,28.04849594,7.504930973,lodhran
23,75,17,24.87425505,7.198076286,jhang
32,78,22,23.97081395,7.007037515,jhang
19,79,19,20.06003985,6.677262562,jhang
22,60,18,19.59221047,6.74398035,jhang
28,69,16,29.77013109,6.547361618,bakar
1,67,21,27.52135365,6.551577598,bakar
12,67,23,25.62896213,6.585020303,bakar
36,67,20,20.39078312,6.924042372,gujrat
28,70,21,25.39038396,7.437373666,gujrat
12,71,19,24.91079638,7.142611056,gujrat
22,68,16,27.70496805,7.74672376,ryk
26,66,22,18.06486101,6.300479414,bahawalnagar
16,65,16,18.13027797,6.078724107,bwp
14,59,22,23.82723528,6.76660668,rajanpur
33,59,19,23.19305333,7.641024177,digikhan
21,63,17,25.08966129,6.559681838,layyah
0,69,21,25.86928193,7.072923306,m.garh
10,75,17,18.43966037,7.732194788,vihari
30,61,18,27.14911056,6.157782589,khanewal
0,74,17,23.33375853,7.240988401,lodhran
35,74,22,26.7230014,6.898905799,multan
7,63,24,19.55750776,6.818681086,pakpatan
9,56,17,26.13708256,6.261937875,sahiwal
14,74,15,27.99990346,6.493036868,okara
14,76,20,29.05941162,7.042474679,kasur
36,65,16,25.71269843,7.692013657,lahore
28,67,21,21.79792649,6.250994223,nankana sahib
28,79,16,24.70626432,6.052184881,shekupora
40,61,22,20.94981756,7.002216044,hafizabad
10,70,19,24.84918386,7.272427638,gujranwala
12,80,19,21.91041045,5.962001484,narowall
37,77,20,25.93381964,7.080506001,sialkot
0,67,22,29.82112112,6.593798387,gujrat
7,73,25,27.52185591,7.28805662,gujrat
10,56,18,27.99627907,7.32710972,gujrat
39,70,15,20.76774783,6.366355781,chainiot
26,56,22,23.05276444,7.011121216,jhang
9,77,17,21.65845777,6.280725549,faisalabad
4,59,19,26.25070298,7.621494566,bakar
34,73,15,20.97195263,7.630424083,mianwali
33,77,15,23.89736406,7.802212437,sialkot
2,24,38,24.55981624,5.922935513,attock
6,18,37,19.65690085,5.937649578,rawalpindi 
8,26,36,18.78359608,6.804781106,isl
37,18,39,24.1469628,6.424670614,jehlum
0,27,38,22.44581266,6.738016221,chakwall
31,25,38,24.96273236,6.497366677,sarjodha
21,21,38,22.5526059,6.327673765,khushab
6,30,40,22.77035608,6.36137446,mianwali
25,27,41,19.20090378,6.923509371,bakar
15,11,38,23.12808226,6.630646083,faisalabad
14,5,36,24.92639065,5.832525853,tobataiksingh
16,10,41,24.77464458,6.738993954,jhang
36,7,37,19.8671184,5.782435567,gujrat
4,20,41,24.26601316,6.537042717,m.b.din
29,22,40,23.62600218,6.145104401,sialkot
16,15,42,19.67832052,6.890784045,narowall
18,27,41,22.36509395,7.175344328,gujranwala
11,18,42,21.57936934,5.938528744,hafizabad
5,15,38,18.26233221,5.709380472,shekupora
18,23,44,23.71028128,6.184400085,nankana sahib
9,8,40,22.48720144,6.553509673,lahore
40,27,45,21.6602498,5.885638185,kasur
22,23,44,20.13037175,6.143874691,okara
9,16,39,18.41164435,6.101198974,sahiwal
12,29,40,19.68291173,6.594037135,pakpatan
0,17,42,23.20242586,6.859840821,multan
2,21,44,18.92157197,6.56893406,lodhran
28,6,40,22.10621387,6.769855664,khanewal
8,23,44,18.47412402,7.130837931,vihari
29,16,36,19.81069447,5.740338002,muzafargarh
17,18,43,24.4880844,5.843005428,layyah
34,21,42,18.75927679,6.648687274,d.g.khan
21,23,42,19.54128063,6.902751061,rajanpur
25,17,40,18.91251245,6.608023872,bahawalnagar
8,25,36,19.91330523,6.828522375,ryk
26,18,42,19.72620525,6.910374919,bahawalnagar
4,19,42,23.83185873,6.306605528,gujrat
36,24,41,24.94467632,7.009180374,m.b.din
5,24,40,24.692258,6.297907579,sialkot
19,17,39,24.72485577,6.728599215,narowall
39,30,38,20.12644921,6.965156738,gujranwala
5,29,44,21.02432943,5.578095745,hafizabad
4,24,43,22.40423537,7.199504273,shekupora
38,21,35,20.33691147,5.841367187,nankana sahib
37,11,36,24.24779615,6.710143266,lahore
9,25,41,24.81530144,5.972714857,kasur
29,22,43,19.66329768,5.561851831,okara
5,21,38,22.43377991,6.107054808,sahiwal
22,26,38,22.92052307,6.988035315,pakpatan
4,18,37,22.91843172,7.13147457,multan
21,6,41,24.88244467,7.086947687,lodhran
29,21,45,23.40981539,6.749260456,khanewal
23,5,44,21.20725375,7.16300467,vihari
13,7,43,18.20230419,7.013481515,muzafargarh
5,13,37,22.34375696,5.648243649,layyah
27,24,41,24.32770134,6.610251186,d.g.khan
7,23,35,19.75088482,7.054313823,rajanpur
12,20,39,19.86173586,6.026999326,bahawalnagar
4,19,43,18.07132963,5.779427402,ryk
3,9,45,23.89162561,6.535244251,bahawalnagar
1,27,36,23.98598756,5.684995235,attock
23,30,44,20.93892916,6.12476108,rawalpindi 
24,21,42,20.82210727,6.999014379,isl
13,30,37,20.86474944,6.277148771,jehlum
40,11,44,24.45840036,6.322396027,chakwall
21,9,40,24.51147697,5.956401828,sarjodha
3,27,44,24.56811204,6.591302797,khushab
40,29,42,24.63228709,7.104094929,mianwali
14,25,40,20.07386547,6.407872061,bakar
38,14,37,21.80523051,6.658402594,faisalabad
34,9,36,22.8122645,6.276038961,tobataiksingh
32,14,37,22.73031253,6.825256236,jhang
18,21,35,23.2801227,6.368560522,gujrat
8,23,38,19.30106297,7.005410734,m.b.din
15,6,41,19.0087067,6.897368477,sialkot
0,5,36,24.35193812,6.152906502,narowall
22,9,44,24.72235539,5.744361602,gujranwala
14,8,43,21.92513945,7.051654924,hafizabad
31,11,45,24.83954414,6.034612928,shekupora
39,17,45,18.09691127,6.924490731,nankana sahib
10,5,42,20.24104904,6.887005997,lahore
8,28,38,23.22594,6.8444019,m.b.din
32,13,42,23.50128217,5.786058032,sialkot
18,9,40,19.44623085,5.627186257,narowall
20,27,41,20.51343484,5.700088663,gujranwala
39,25,36,18.90223032,5.567805185,hafizabad
20,7,45,18.90592319,6.077886012,shekupora
11,10,45,22.63045168,6.397995609,nankana sahib
40,18,43,19.38603815,5.767372539,lahore
3,26,39,24.38318965,7.079973241,kasur
9,16,36,23.77989026,5.893332378,okara
30,20,38,22.59890174,7.058222596,sahiwal
40,9,41,24.37766782,5.78270695,pakpatan
40,30,35,20.89273273,6.269663963,multan
32,25,35,18.09903225,5.892913826,lodhran
33,23,45,20.00218987,7.116538883,khanewal
4,14,41,19.85139326,6.430163481,vihari
13,17,45,21.25433607,7.159520979,muzafargarh
39,24,39,23.65374106,6.431265737,layyah
8,28,37,23.88404783,6.082571701,d.g.khan
91,94,46,29.36792366,6.149934034,ryk
105,95,50,27.33368994,5.849076099,bahawalnagar
108,92,53,27.40053601,6.276800323,bwp
86,76,54,29.3159075,5.926824754,rajanpur
80,77,49,26.05433004,5.519088423,digikhan
93,94,53,25.86632408,6.079178788,layyah
90,92,55,27.00932084,6.13465588,m.garh
108,89,53,29.55054817,5.808497604,vihari
108,88,55,26.28845991,5.891458107,khanewal
105,77,52,29.16226551,5.816622479,lodhran
118,88,52,28.65003945,5.843163161,multan
101,87,54,29.07311132,6.376756633,pakpatan
95,75,50,28.08166093,5.623615687,sahiwal
106,85,53,27.1994597,5.91505509,okara
86,95,49,28.05484146,6.458714879,kasur
83,79,55,25.14748006,5.565028635,lahore
85,95,47,25.94019018,6.211833161,nankana sahib
109,79,45,27.66752761,6.490074429,shekupora
100,76,45,25.56703012,5.590236025,hafizabad
117,86,48,28.6956201,6.225225239,gujranwala
114,94,53,26.33544853,6.190757459,narowall
110,78,50,25.93730186,5.915568968,sialkot
94,70,48,25.13686519,6.195152442,gujrat
80,71,47,27.50527651,6.156373499,gujrat
114,79,51,26.21009246,6.313197204,gujrat
88,78,45,29.10403455,6.324270089,chainiot
112,73,48,29.2440638,5.707488987,jhang
117,76,47,25.56202173,6.119216009,faisalabad
111,87,48,26.3985515,5.571401169,bakar
89,83,47,28.09577643,5.63127166,mianwali
93,91,47,27.84767901,6.101241579,sialkot
92,81,52,27.39341554,6.438137279,gujrat
105,74,45,25.14517635,6.098369122,gujrat
102,71,48,28.65456263,5.695267822,gujrat
94,91,51,29.16093424,5.618094446,chainiot
116,71,47,27.57278064,6.435785799,jhang
117,79,49,25.40909896,6.176644228,faisalabad
119,72,55,25.99069521,6.220643671,bakar
99,73,53,26.29039046,5.871702211,mianwali
91,84,52,29.14827211,6.390741836,rajanpur
80,90,47,26.59743595,6.21084479,digikhan
101,70,48,25.36059237,6.012696655,layyah
108,89,53,29.12036889,5.908770059,m.garh
100,80,52,27.53911354,6.049801781,vihari
109,91,53,29.66727337,6.010095853,khanewal
82,78,46,25.05802193,5.738678895,lodhran
106,70,55,25.86824781,5.74055541,multan
90,86,52,25.85036988,5.793260262,pakpatan
83,95,50,26.51682337,5.50947065,sahiwal
119,90,48,28.66725136,5.986442306,gujrat
107,72,45,28.14938935,5.790768046,mianwali
116,81,55,26.42313317,5.915546415,bakar
101,75,50,26.59386409,6.242528278,tobataiksingh
93,81,50,27.71822477,6.036079266,faisalabad
95,75,45,28.98333432,5.829898502,jhang
107,71,55,29.42017919,6.088064451,narowall
83,94,47,27.39872329,6.469370954,multan
102,73,54,26.4020227,5.720726906,khanewal
86,79,45,27.81251452,5.80766417,lodhran
117,86,53,25.19640218,5.703381728,jhang
111,79,53,28.31193338,6.165001278,jhang
95,74,50,25.90113128,6.002481605,jhang
91,75,55,27.48612983,6.212369363,jhang
93,83,46,29.38254012,5.765308943,bakar
92,85,51,29.22118628,5.740764682,bakar
104,80,54,27.09062164,5.879119455,bakar
103,72,51,26.12643374,6.099478745,gujrat
92,75,45,29.01207743,5.674403359,gujrat
93,85,49,27.96799119,5.694243847,gujrat
120,87,52,28.0764455,5.905494703,ryk
108,72,46,25.16278237,6.110844721,bahawalnagar
105,88,54,25.78749808,6.020445317,bwp
98,79,50,25.34119774,6.435917308,rajanpur
111,88,55,29.44795403,5.505393833,digikhan
97,74,45,26.47522633,5.677719902,layyah
95,82,48,27.39489579,5.719014989,m.garh
89,91,55,25.08347445,6.275572298,vihari
89,85,55,26.6719835,6.275384607,khanewal
118,88,51,25.44926208,6.201911642,lodhran
101,92,45,28.22776705,5.758054257,multan
99,92,47,28.1279509,6.323933647,pakpatan
82,77,46,28.9470467,5.901100841,sahiwal
90,86,55,27.96236771,5.644486582,okara
95,88,52,28.00316034,6.235461772,kasur
104,73,46,29.1400919,6.28236237,lahore
102,73,52,27.9122104,6.356090905,nankana sahib
100,74,52,25.43480512,5.837258235,shekupora
94,89,48,28.55980972,5.653437902,hafizabad
99,70,46,26.59580783,5.727469947,gujranwala
112,87,48,27.19711623,6.200111068,narowall
117,82,45,25.29391516,5.614471478,sialkot
96,86,51,29.90888522,6.257369799,gujrat
113,85,45,27.94972463,6.037430836,gujrat
105,93,46,25.01018457,5.760457558,gujrat
85,89,51,29.21144871,6.158164422,chainiot
108,94,47,27.35911627,6.387431383,jhang
92,81,52,28.0106804,5.891413895,faisalabad
110,71,54,28.67208915,5.725418961,bakar
82,75,55,27.34585147,6.281069505,mianwali
117,81,53,29.50704598,5.507641778,sialkot
2,40,27,29.73770045,5.954626604,attock
39,24,31,33.55695561,4.757114897,rawalpindi 
21,26,27,27.00315545,5.699586972,isl
25,22,25,33.56150184,5.977413803,jehlum
0,21,32,35.89855625,6.430139436,chakwall
20,19,35,34.17719782,6.113935087,sarjodha
19,21,34,30.01592643,5.074272692,khushab
18,17,31,31.74592134,5.667507706,mianwali
11,36,33,35.99009679,5.978634285,bakar
30,28,30,31.86641378,5.064613314,faisalabad
18,19,27,27.75518664,4.772385986,tobataiksingh
23,23,27,34.72413192,5.161148592,jhang
37,30,34,27.53907547,6.797779227,gujrat
11,27,30,27.69637763,6.39474303,m.b.din
12,19,31,27.25373364,5.566704378,sialkot
3,28,33,30.33723921,5.755049971,narowall
37,38,32,31.85744939,5.417340525,gujranwala
26,37,30,35.39986338,6.166173834,hafizabad
14,18,30,29.80747243,5.191265116,shekupora
40,16,35,34.16438906,4.954739564,nankana sahib
4,20,25,28.93270187,5.664587011,lahore
36,25,33,27.98392787,5.548584852,kasur
30,17,31,31.20478173,6.804437106,okara
28,37,28,32.13409675,6.097869767,sahiwal
38,15,30,28.91862016,5.075504537,pakpatan
12,37,30,31.09779147,4.546466109,multan
38,19,31,34.73823882,5.855119268,lodhran
8,33,29,29.98080499,6.442393461,khanewal
15,27,28,33.80398664,4.507523551,vihari
34,16,25,30.07202564,6.10729559,muzafargarh
11,36,31,27.92063282,6.47544932,layyah
33,29,34,31.40948821,6.832979509,d.g.khan
12,31,26,35.7877738,5.395275719,rajanpur
12,34,28,33.36140093,6.13526938,bahawalnagar
5,16,31,35.96054636,4.555688532,ryk
1,30,29,28.33333307,6.434197756,bahawalnagar
16,35,31,32.27652024,5.316875978,gujrat
35,18,26,31.99490489,5.279388967,m.b.din
4,40,26,27.58258929,6.720041791,sialkot
9,29,34,29.38471637,5.72742254,narowall
2,38,33,32.38697531,4.691396195,gujranwala
26,32,32,30.91471455,6.810186079,hafizabad
34,38,31,35.37775595,6.454045329,shekupora
5,32,33,32.32362177,5.842763773,nankana sahib
31,29,26,28.22373428,5.024124684,lahore
34,34,35,27.27433181,6.422710539,kasur
36,19,32,27.10710832,4.94295037,okara
7,17,26,34.89226666,6.414526606,sahiwal
38,15,27,33.7462686,6.777788126,pakpatan
5,19,25,27.3511056,6.441328044,multan
37,36,26,32.89300162,4.650536197,lodhran
21,31,32,35.38598705,5.254532213,khanewal
37,36,27,27.5529736,5.910634533,vihari
23,23,30,32.82141065,4.755273631,muzafargarh
36,26,26,30.17294105,6.814630246,layyah
24,33,35,29.26382931,5.342866119,d.g.khan
26,18,30,32.06097197,6.336234624,rajanpur
22,17,26,28.69818144,4.754435025,bahawalnagar
11,34,32,29.14305008,6.831706773,ryk
29,35,28,28.3471611,6.967417766,bahawalnagar
22,28,26,27.67256197,4.947683034,attock
23,24,32,28.1218093,5.630619901,rawalpindi 
1,35,34,30.79375683,6.27339822,isl
2,24,34,28.89409382,6.472774648,jehlum
39,37,25,33.33024826,6.953246506,chakwall
15,36,27,27.78912455,5.643710216,sarjodha
3,18,31,31.65333432,6.392313973,khushab
8,38,32,29.75150773,4.981816523,mianwali
33,31,34,31.32995611,5.421265283,bakar
14,29,32,35.63627319,6.942520105,faisalabad
18,20,26,31.66524687,5.435840509,tobataiksingh
9,21,32,32.26935342,5.870116071,jhang
20,30,27,27.81005614,4.74910393,gujrat
9,38,25,34.58561471,5.497946899,m.b.din
26,24,34,31.27180992,6.811291098,sialkot
31,36,29,33.93679864,6.460542749,narowall
14,18,35,31.09154239,4.791146778,gujranwala
40,16,35,31.89356292,6.4841522,hafizabad
28,27,34,32.45465292,6.526654345,shekupora
0,17,30,35.47478322,6.279133738,nankana sahib
1,29,29,27.32961444,6.052026047,lahore
2,36,31,30.90225239,5.73171945,m.b.din
12,27,26,29.09382275,5.32307197,sialkot
7,28,35,30.02086169,4.66910839,narowall
0,36,26,34.13072188,5.101206389,gujranwala
26,35,31,33.44619894,5.339556562,hafizabad
27,21,30,35.3915464,5.061081874,shekupora
22,38,31,31.53356352,5.821106036,nankana sahib
22,18,31,30.7645515,5.956027059,lahore
28,23,28,30.01821337,5.676032581,kasur
7,31,27,31.32863689,6.524114355,okara
29,34,26,33.88004781,6.273953676,sahiwal
8,37,33,28.07802689,6.128167757,pakpatan
39,16,27,35.53845018,4.934964765,multan
40,24,25,28.70595247,5.445008416,lodhran
19,38,26,31.48451729,4.525722333,khanewal
21,21,30,27.69819273,5.403908328,vihari
22,18,33,30.41235793,6.621623545,muzafargarh
31,20,30,32.17752026,6.207495815,layyah
18,26,31,32.6112614,5.418475257,d.g.khan
24,130,195,29.99677232,6.112305667,ryk
13,144,204,30.7280404,6.092241627,bahawalnagar
22,123,205,32.44577836,5.896343436,bwp
36,125,196,37.46566825,6.15526103,rajanpur
24,131,196,22.03296178,5.732453638,digikhan
2,123,198,39.64851881,6.253034534,layyah
35,140,197,16.77557314,6.106190557,m.garh
11,122,195,12.14190714,5.647202395,vihari
6,123,203,12.7567962,6.130310493,khanewal
17,134,204,39.04071989,6.499604931,lodhran
25,130,197,39.70772192,5.554831977,multan
27,145,205,9.467960445,5.800242694,pakpatan
9,122,201,29.58748357,5.570290539,sahiwal
16,139,203,17.82803682,6.27564088,okara
32,141,204,8.825674745,5.536645599,kasur
22,138,195,27.83487131,6.208196881,lahore
31,144,202,11.02105378,5.870600622,nankana sahib
3,136,205,17.5862944,6.334771461,shekupora
28,122,197,19.89363946,5.856575335,hafizabad
4,136,204,29.93707596,5.898944282,gujranwala
39,145,201,36.73126647,5.775600435,narowall
38,132,197,20.42094753,5.931101816,sialkot
36,133,198,25.51939719,6.2286454,gujrat
25,121,201,30.50734778,5.594240603,gujrat
15,125,199,18.4269936,5.569230319,gujrat
24,140,205,12.087022,5.93202852,chainiot
13,132,203,23.60115364,6.423216506,jhang
5,126,197,12.80000387,6.417500829,faisalabad
30,120,200,38.06099482,6.234904253,bakar
23,142,197,39.06555518,6.000573725,mianwali
26,135,203,33.78372897,5.685102769,sialkot
7,126,203,16.76201707,5.662140095,gujrat
32,139,198,35.89307536,6.358186848,gujrat
9,141,202,21.01245395,6.119495295,gujrat
20,142,196,10.89875873,6.207600783,chainiot
32,129,201,16.36251869,6.48754639,jhang
3,134,199,20.28370163,5.81717753,faisalabad
38,138,204,25.11108456,6.325480034,bakar
14,131,198,33.4641162,5.562790949,mianwali
20,122,204,11.7976469,6.487369687,rajanpur
40,126,201,11.36300891,6.116982944,digikhan
36,128,204,25.23542319,5.695792761,layyah
11,132,197,15.99050693,5.734317007,m.garh
0,137,195,22.4359017,6.329499832,vihari
19,123,200,34.76086052,6.167013532,khanewal
31,136,197,31.11047251,5.653776058,lodhran
4,134,200,28.57828803,5.840256272,multan
39,139,201,41.18664903,5.539980812,pakpatan
8,127,196,27.02766138,5.833302165,sahiwal
39,138,203,21.19339319,6.399433771,gujrat
32,120,204,10.38004759,6.138958698,mianwali
12,142,203,31.3115978,5.972850838,bakar
8,133,195,20.46657776,6.456079585,tobataiksingh
8,139,199,29.36947679,6.336426667,faisalabad
21,134,202,10.72302459,6.425419926,jhang
40,140,195,14.97846952,6.294395676,narowall
39,127,202,15.3246651,6.477768039,multan
19,120,195,18.73932187,5.931538447,khanewal
21,139,201,19.3642553,5.980598579,lodhran
17,136,195,41.20733624,6.389783283,jhang
33,139,203,33.34214482,5.693287415,jhang
22,133,201,23.81995682,6.00299607,jhang
32,130,196,40.66012294,6.372959542,jhang
37,135,205,11.82768186,5.510924849,bakar
15,140,195,13.28504331,5.69945282,bakar
39,132,196,35.83089092,5.778594403,bakar
40,121,199,26.18159716,6.315586313,gujrat
40,132,202,24.57558351,5.971813006,gujrat
29,142,203,29.67229086,5.891195653,gujrat
32,121,199,39.37102553,6.129812716,ryk
6,140,205,17.66558428,6.313085601,bahawalnagar
8,120,196,24.06679352,6.053662544,bwp
34,133,202,15.31413469,5.804799142,rajanpur
35,135,199,21.77466746,6.400719746,digikhan
16,145,199,26.91624843,5.953966361,layyah
8,136,201,41.65602996,5.609255992,m.garh
25,129,195,17.98667801,5.777271492,vihari
16,130,201,29.12033769,5.682395429,khanewal
39,129,203,34.38922481,5.863996687,lodhran
38,135,203,41.36106301,6.444373116,multan
33,120,205,35.12158265,5.550832178,pakpatan
35,125,204,19.6491772,6.107741788,sahiwal
1,132,200,16.27852801,5.620745638,okara
39,140,203,21.11903604,6.349875906,kasur
28,145,202,19.2077707,6.484323189,lahore
6,128,200,25.96308415,5.838748311,nankana sahib
6,139,199,25.67385024,6.29099842,shekupora
29,122,196,41.94865736,5.638328481,hafizabad
37,144,197,11.18994268,6.415555956,gujranwala
38,120,197,17.5438296,6.323722572,narowall
38,141,198,13.05809741,5.757009965,sialkot
14,121,203,9.724457611,6.158689406,gujrat
6,125,204,27.92004934,5.733539807,gujrat
32,138,197,9.535585543,5.908724337,gujrat
11,124,204,13.42988625,6.361141107,chainiot
23,138,200,9.851242629,5.96537863,jhang
40,143,201,24.97256132,6.476757723,faisalabad
6,142,202,27.23708304,6.224542938,bakar
37,124,195,18.70679077,6.209928251,mianwali
35,134,204,9.949929082,5.841138354,sialkot
119,25,51,26.47330219,6.283818329,attock
119,19,55,25.18780042,6.818261383,rawalpindi 
105,30,50,25.29954705,6.37620108,isl
114,8,50,24.74631269,6.581587932,jehlum
93,22,52,26.58740671,6.932739726,chakwall
80,26,55,24.53442564,6.140099215,sarjodha
85,27,45,26.0713757,6.467095849,khushab
85,22,53,25.96534238,6.849471704,mianwali
82,22,45,26.22338015,6.512196212,bakar
118,13,54,24.41311871,6.039584629,faisalabad
83,25,53,26.49195283,6.057697106,tobataiksingh
86,15,47,24.04355803,6.423898762,jhang
101,10,47,25.5421695,6.936997681,gujrat
119,9,50,26.74550678,6.251286661,m.b.din
104,17,46,25.7131428,6.190015912,sialkot
95,12,51,25.76484262,6.681606702,narowall
102,14,52,26.79489868,6.51075991,gujranwala
109,21,55,24.9004602,6.770278088,hafizabad
81,18,50,26.80750629,6.429788073,shekupora
103,17,51,25.11189154,6.209888345,nankana sahib
105,14,50,26.2148837,6.419052193,lahore
97,8,52,24.9103226,6.237861736,kasur
120,19,49,25.79448878,6.762471629,okara
95,16,55,25.26931156,6.612847999,sahiwal
83,29,52,25.76402693,6.704688865,pakpatan
83,9,45,25.85483596,6.049609892,multan
91,21,50,24.33528185,6.762030215,lodhran
116,5,54,25.37601283,6.65398725,khanewal
112,28,54,24.86094646,6.738030547,vihari
88,29,51,24.71885473,6.095689937,muzafargarh
118,15,45,24.21495706,6.538006356,layyah
92,21,48,25.81692236,6.377427122,d.g.khan
106,14,45,24.47018505,6.417011754,rajanpur
99,5,47,24.13078816,6.649086972,bahawalnagar
98,8,51,26.1793464,6.25933595,ryk
108,22,46,26.17668721,6.121168559,bahawalnagar
119,7,55,26.03867719,6.031424482,gujrat
117,27,48,26.53259325,6.835268184,m.b.din
109,10,53,26.81938687,6.551750306,sialkot
80,16,46,25.50405534,6.940236218,narowall
100,18,52,26.20234499,6.87606733,gujranwala
91,7,53,25.13735887,6.457216535,hafizabad
86,6,53,25.92030221,6.921847888,shekupora
107,5,52,26.6634609,6.881425746,nankana sahib
103,16,49,24.06731461,6.915717008,lahore
101,20,48,24.6774157,6.206247494,kasur
85,25,47,26.11440416,6.29542477,okara
84,7,51,26.81530456,6.399669044,sahiwal
102,28,54,25.15623099,6.862157042,pakpatan
98,25,52,25.2801372,6.224066378,multan
97,25,50,26.22005978,6.093814669,lodhran
90,16,45,24.92093261,6.291540278,khanewal
95,12,46,26.21667586,6.32281728,vihari
82,23,49,26.81383586,6.873283991,muzafargarh
82,25,51,24.31334971,6.074209622,layyah
110,28,46,24.29105004,6.49889585,d.g.khan
118,21,51,24.42998931,6.678805092,rajanpur
120,20,45,25.66576039,6.114128685,bahawalnagar
91,7,52,25.07803672,6.405054243,ryk
81,6,55,24.88910524,6.110142735,bahawalnagar
101,13,54,25.42900869,6.828982708,attock
101,17,55,24.37118217,6.451499764,rawalpindi 
111,6,53,26.4930645,6.313512999,isl
107,10,49,25.83202912,6.755192025,jehlum
115,11,46,24.41592661,6.623167177,chakwall
84,25,52,24.37190239,6.12532356,sarjodha
120,7,47,24.24782473,6.653867608,khushab
91,12,46,24.64458469,6.343942518,mianwali
89,22,52,24.89681131,6.217300786,bakar
113,19,46,25.41864024,6.286387658,faisalabad
97,22,50,26.26028739,6.7698938,tobataiksingh
117,30,50,24.90123934,6.744966312,jhang
90,14,52,24.84740848,6.391858432,gujrat
104,23,47,26.98212846,6.770434148,m.b.din
81,16,45,26.90435747,6.727468157,sialkot
88,5,47,25.86475496,6.662244646,narowall
92,7,45,26.70607759,6.944640222,gujranwala
81,18,50,26.44019475,6.507110986,hafizabad
111,5,55,26.283443,6.520663422,shekupora
108,23,51,26.84366082,6.106500787,nankana sahib
113,30,50,26.03967219,6.277484043,lahore
83,10,53,24.92994759,6.195142279,m.b.din
101,11,51,25.50736962,6.792035575,sialkot
114,21,55,25.4438391,6.472756256,narowall
99,6,45,26.12588914,6.000975617,gujranwala
92,20,55,25.10474753,6.587791262,hafizabad
92,7,48,26.27520631,6.956508826,shekupora
91,24,55,26.27061608,6.259086583,nankana sahib
110,21,54,26.73690828,6.747537642,lahore
112,25,51,25.04746944,6.932537231,kasur
89,25,54,24.69368934,6.353107393,okara
100,10,53,24.54356968,6.211748957,sahiwal
83,22,54,25.89762315,6.277245254,pakpatan
95,14,50,26.6333118,6.560443519,multan
119,30,49,25.35794749,6.903020221,lodhran
97,12,47,25.28784623,6.765094964,khanewal
110,7,45,26.63838589,6.189213927,vihari
96,18,50,25.3310446,6.904241707,muzafargarh
83,23,55,26.89750174,6.463271076,layyah
120,24,47,26.98603693,6.260838965,d.g.khan
115,17,55,27.57826922,6.776533055,ryk
114,27,48,27.82054812,6.528404378,bahawalnagar
101,25,52,29.09910406,6.750145572,bwp
118,18,52,28.04943594,6.562832807,rajanpur
95,26,45,29.91690582,6.117530021,digikhan
81,25,49,29.86895762,6.076459669,layyah
117,24,53,29.17220859,6.293486295,m.garh
114,30,51,29.24908541,6.069171847,vihari
113,6,52,27.76317235,6.740983646,khanewal
108,26,52,28.82629037,6.201797639,lodhran
81,30,48,28.52379742,6.041027474,multan
115,9,52,29.06785065,6.019372459,pakpatan
83,7,45,29.08417927,6.704104127,sahiwal
84,21,55,28.47090661,6.494251024,okara
109,26,45,28.27973674,6.224535449,kasur
95,27,55,28.47212559,6.160414414,lahore
119,5,55,29.68846716,6.168757984,nankana sahib
110,14,51,27.02415146,6.085444691,shekupora
82,18,48,29.09588297,6.159050816,hafizabad
87,14,48,29.69238699,6.606033244,gujranwala
85,9,53,28.20619412,6.447662945,narowall
100,6,53,29.05248036,6.105909623,sialkot
107,12,46,29.57240298,6.559763394,gujrat
91,13,47,29.10968327,6.14410903,gujrat
102,25,50,28.20480805,6.099662369,gujrat
117,25,53,29.11858526,6.413927319,chainiot
85,21,52,29.62800691,6.075144116,jhang
104,25,55,29.81196601,6.123802502,faisalabad
102,24,54,27.72338349,6.698468621,bakar
116,25,50,29.26092798,6.088885814,mianwali
100,17,48,29.72791119,6.367800632,sialkot
110,25,54,28.91105641,6.425930938,gujrat
104,25,51,28.96361426,6.469983276,gujrat
107,11,54,28.59052369,6.094016338,gujrat
98,26,52,27.33897716,6.150090899,chainiot
88,17,52,29.90415889,6.646962425,jhang
87,25,46,27.42711692,6.379690748,faisalabad
120,8,46,29.55657523,6.732834334,bakar
95,13,46,29.84070774,6.126019932,mianwali
108,22,47,28.53545677,6.161123579,rajanpur
82,13,52,27.11535046,6.442810053,digikhan
120,23,55,27.84492803,6.732049075,layyah
110,22,47,29.03157242,6.243673725,m.garh
95,23,45,27.82424457,6.266208727,vihari
106,10,49,27.72653142,6.350623739,khanewal
99,12,52,28.69708334,6.002927293,lodhran
106,20,51,29.73019662,6.342573112,multan
83,11,53,29.54097171,6.163921248,pakpatan
117,19,55,28.80311922,6.121745389,sahiwal
98,26,49,27.29035669,6.130160473,gujrat
113,20,48,27.46583649,6.440584681,mianwali
101,17,47,29.49401389,6.185053234,bakar
98,7,45,27.79161808,6.157724816,tobataiksingh
93,22,48,29.12533739,6.776987974,faisalabad
95,21,47,27.93114233,6.431970877,jhang
109,12,48,29.45771748,6.708743843,narowall
118,12,47,27.96872279,6.010739645,multan
100,14,49,29.48882958,6.365956658,khanewal
89,9,47,29.47156259,6.668382766,lodhran
95,16,46,27.0767265,6.74669542,jhang
95,7,45,27.30008597,6.031665834,jhang
87,6,45,29.82729394,6.40077205,jhang
93,20,50,29.93061247,6.448792689,jhang
84,29,49,29.94349168,6.251420275,bakar
111,5,47,28.03306461,6.274452811,bakar
111,5,52,29.8843055,6.135996372,bakar
111,15,54,27.7058373,6.194090172,gujrat
89,11,47,29.78714005,6.327822962,gujrat
110,15,48,28.57819995,6.212567211,gujrat
95,30,52,29.48069921,6.640470863,ryk
115,12,52,27.51492243,6.685553129,bahawalnagar
120,25,50,28.05457761,6.327210469,bwp
102,11,45,29.03167341,6.35544263,rajanpur
94,5,55,28.5854649,6.085682344,digikhan
84,18,46,27.08808014,6.781050373,layyah
107,22,54,27.99611732,6.630301421,m.garh
80,18,52,27.87317436,6.484799661,vihari
86,18,45,28.96586565,6.566759102,khanewal
113,28,48,28.87726019,6.170520518,lodhran
115,18,53,29.17052093,6.012480351,multan
82,20,54,29.34033587,6.541150335,pakpatan
98,22,47,29.07265321,6.341400922,sahiwal
117,25,54,28.68275966,6.150686364,okara
83,15,49,28.92705913,6.438008153,kasur
120,16,51,27.99901833,6.547041903,lahore
111,5,50,27.59350075,6.399891457,nankana sahib
85,21,47,29.87331077,6.186770318,shekupora
90,23,54,28.55852465,6.159020864,hafizabad
99,29,55,29.19378695,6.660954816,gujranwala
102,11,47,27.98780984,6.504906979,narowall
80,18,51,28.05380704,6.706053225,sialkot
87,21,52,27.3506296,6.067665498,gujrat
114,8,52,29.34081108,6.419083092,gujrat
99,6,46,28.61475136,6.39637861,gujrat
89,25,50,27.04863538,6.375923383,chainiot
96,13,55,29.5275305,6.700337732,jhang
82,26,47,28.50416396,6.565312653,faisalabad
106,21,52,28.89578588,6.286515359,bakar
90,15,52,27.04927452,6.448061578,mianwali
106,16,54,28.96017885,6.585872508,sialkot
24,128,196,22.75088787,5.521466996,attock
7,144,197,23.8494014,6.133220586,rawalpindi 
14,128,205,22.60800988,6.226289556,isl
8,120,201,21.18667419,6.321152192,jehlum
20,129,201,23.41044706,5.587905967,chakwall
32,137,204,22.86006627,5.824151693,sarjodha
27,139,205,22.48403042,5.772179946,khushab
0,123,205,22.02775403,5.790993052,mianwali
22,144,196,21.91191314,6.499226821,bakar
1,124,199,23.71059131,5.658473817,faisalabad
30,122,197,21.37784654,5.573241391,tobataiksingh
29,121,196,22.84852833,6.079497202,jhang
13,126,204,23.1094265,6.383180271,gujrat
9,139,199,23.25230817,5.867420996,m.b.din
0,133,200,23.67287749,5.708418722,sialkot
30,143,199,23.76881552,5.7983508,narowall
36,140,198,23.34386401,6.28188384,gujranwala
37,137,199,22.63946441,5.697945522,hafizabad
33,121,203,22.45696744,5.605934087,shekupora
7,144,195,22.96388477,5.85648105,nankana sahib
35,128,205,21.07273439,6.041053829,lahore
29,128,198,22.44075021,5.685062404,kasur
2,143,196,22.71271308,5.669489065,okara
34,140,198,21.70416965,5.751707342,sahiwal
29,144,204,22.43324518,5.800448951,pakpatan
32,141,203,21.25941052,5.821347769,multan
13,144,197,22.9215706,6.28022267,lodhran
25,143,198,22.81212536,6.027314401,khanewal
9,137,200,21.12152071,5.636687393,vihari
6,144,198,21.11478672,5.559363609,muzafargarh
37,126,196,23.59997268,5.596449493,layyah
2,120,203,23.12652652,5.893492999,d.g.khan
11,143,197,22.98458907,5.875718516,rajanpur
10,141,201,22.12659387,6.386021424,bahawalnagar
24,142,202,22.53779727,5.710819862,ryk
23,138,195,22.49095104,5.795985716,bahawalnagar
18,125,204,22.35548159,6.046673619,gujrat
13,121,196,22.20700989,6.443382913,m.b.din
26,122,202,22.44516988,5.617227184,sialkot
28,123,202,22.76643029,6.442289294,narowall
26,121,201,22.19109412,6.162034371,gujranwala
21,137,196,23.6119202,5.812781806,hafizabad
21,135,198,23.86087054,5.765015126,shekupora
5,144,205,21.42177231,6.184922574,nankana sahib
2,123,205,22.36629253,5.739652177,lahore
15,133,199,23.99686172,5.824778636,kasur
31,130,198,21.80129837,5.554823557,okara
25,143,200,23.80436344,6.024248787,sahiwal
16,143,204,23.71475278,5.631333387,pakpatan
19,122,202,23.34467359,5.811975094,multan
10,125,196,22.31253665,5.730557448,lodhran
20,139,202,23.50201428,5.66999105,khanewal
28,123,198,23.46260321,5.682751473,vihari
28,136,200,23.06204373,6.245858905,muzafargarh
2,131,199,22.47420512,6.017370134,layyah
2,140,197,22.69780133,5.53456749,d.g.khan
27,138,201,23.66682067,5.952367662,rajanpur
30,127,204,22.50050273,6.126436584,bahawalnagar
32,145,203,23.83053666,6.406818518,ryk
29,139,205,23.64142354,6.155939453,bahawalnagar
26,126,195,21.41363812,5.878568981,attock
40,136,202,22.85267372,5.935336308,rawalpindi 
6,124,200,22.98208095,5.971332179,isl
35,138,200,21.19909519,5.67130617,jehlum
17,136,196,23.87192332,5.882155988,chakwall
33,134,205,21.0365275,6.08551916,sarjodha
16,143,197,22.61711614,5.90402645,khushab
27,120,200,21.45278675,6.110218826,mianwali
29,145,205,22.81227579,6.212302608,bakar
3,141,197,21.98141856,6.142803397,faisalabad
15,123,204,22.52709326,6.365972688,tobataiksingh
5,136,195,22.35628673,6.264202804,jhang
10,136,204,21.19852186,6.276198595,gujrat
7,141,195,23.8812458,5.514253142,m.b.din
2,129,201,22.78234161,5.682343744,sialkot
29,138,197,22.19055385,5.830892252,narowall
30,137,200,22.91430043,5.603413172,gujranwala
29,132,204,23.08950736,6.0967531,hafizabad
14,139,197,21.72484506,6.056529526,shekupora
18,125,203,22.44307715,6.160267496,nankana sahib
33,143,204,21.1316077,5.814434775,lahore
40,144,196,22.71750705,5.987262638,m.b.din
9,143,197,23.75033085,5.570020684,sialkot
38,135,203,23.76121837,5.965551311,narowall
28,130,196,22.13450646,6.062356467,gujranwala
35,142,203,21.17089176,5.895319002,hafizabad
12,129,205,22.36238282,6.119432215,shekupora
1,135,203,22.77856513,5.624203283,nankana sahib
0,145,205,21.22503442,5.52078314,lahore
31,121,201,23.15791104,5.731535258,kasur
35,131,203,22.42776057,5.893490899,okara
29,140,195,23.64082979,5.560521058,sahiwal
33,138,198,22.29423493,6.222390798,pakpatan
14,140,197,23.35225078,6.071255131,multan
35,145,195,22.03911546,6.231950009,lodhran
40,120,197,23.80593812,5.889480679,khanewal
25,132,198,22.31944084,5.732757516,vihari
31,137,196,22.14464104,6.400321212,muzafargarh
36,144,196,23.65167552,6.496934492,layyah
10,140,197,22.16939473,6.229498836,d.g.khan
22,30,12,15.78144173,6.354006744,ryk
37,6,13,26.03097313,7.511755068,bahawalnagar
27,13,6,13.36050601,7.335158382,bwp
7,16,9,18.87957654,7.813916603,rajanpur
20,7,9,29.47741671,7.129136941,digikhan
26,27,10,28.06903173,6.079998496,layyah
5,23,15,25.66901098,7.408939392,m.garh
0,18,14,29.77149434,7.207991261,vihari
39,24,14,30.55472573,7.189259647,khanewal
13,23,6,23.96147583,7.365338111,lodhran
21,17,15,23.98289638,7.455991072,multan
33,12,8,25.26052689,6.822282114,pakpatan
6,9,12,31.08368929,7.028746406,sahiwal
19,7,10,14.78003032,6.118430299,okara
24,18,6,26.56608303,6.285312759,kasur
9,11,8,24.85903405,6.559236744,lahore
31,8,7,34.51465139,7.163245982,nankana sahib
22,17,5,24.12188673,6.945562889,shekupora
13,5,8,23.85340379,7.474710503,hafizabad
16,8,9,24.60297538,7.601189843,gujranwala
4,13,6,15.63211033,7.561143224,narowall
0,25,14,19.33516809,6.361671475,sialkot
8,7,10,28.2620488,6.929216014,gujrat
4,23,5,22.67594476,7.477935216,gujrat
33,14,8,21.03200078,7.684420446,gujrat
30,7,15,33.23453301,7.825531916,chainiot
21,29,12,22.30318989,6.438668989,jhang
11,14,5,11.50322938,6.946354724,faisalabad
9,8,15,14.34320488,7.994465371,bakar
5,18,14,33.1056981,7.434118807,mianwali
29,25,14,30.49183837,7.781988584,sialkot
33,12,15,30.25578031,6.052318465,gujrat
8,16,6,12.22816189,7.106650373,gujrat
15,14,8,10.01081312,6.22094286,gujrat
16,7,8,22.79196751,6.420457311,chainiot
0,12,7,20.18432263,6.969249676,jhang
5,25,6,30.72119881,6.011302181,faisalabad
6,8,11,24.35590861,6.600948788,bakar
10,5,5,21.21306973,7.817846496,mianwali
1,17,6,10.78689755,6.8198271,rajanpur
1,30,10,11.89925671,7.291405641,digikhan
0,23,15,22.56664172,7.598729065,layyah
24,27,9,18.86883219,6.157135092,m.garh
36,11,13,17.34083741,7.1917274,vihari
40,21,8,34.90665289,7.418761774,khanewal
40,22,6,24.53610067,6.488221135,lodhran
32,18,13,13.8377282,6.044167236,multan
9,10,10,22.3551049,6.010391864,pakpatan
13,16,8,34.74004942,6.949838549,sahiwal
15,9,11,11.54785707,7.907956251,gujrat
29,11,5,23.13338811,7.639788459,mianwali
1,15,9,29.98364695,7.53350946,bakar
18,5,11,20.87947369,6.251586885,tobataiksingh
14,22,9,17.24944623,6.543191814,faisalabad
33,15,7,15.83388699,7.651225301,jhang
4,6,7,23.01014302,6.708889665,narowall
17,16,14,16.39624284,6.625538653,multan
12,20,10,24.45132792,6.528354932,khanewal
34,29,8,31.87859192,6.450640306,lodhran
39,28,10,31.34920143,7.181907673,jhang
31,25,12,18.05142392,7.016482298,jhang
12,6,8,30.84835031,6.388617138,jhang
12,29,13,22.45616931,7.57125447,jhang
26,11,11,13.70319166,7.609348255,bakar
19,24,15,20.48954522,7.137136973,bakar
39,21,9,13.20844373,6.354022554,bakar
16,29,13,32.31944397,6.196907944,gujrat
36,29,13,20.68185224,7.829507245,gujrat
37,23,12,31.52675982,6.395258356,gujrat
39,9,15,25.35467646,7.992041984,ryk
31,5,14,17.66545409,6.583411671,bahawalnagar
18,12,8,12.59093977,6.206053072,bwp
20,20,10,11.86631922,6.976997772,rajanpur
5,8,5,11.03367937,6.562594972,digikhan
20,8,12,25.2990432,7.260416405,layyah
25,21,11,32.23797837,6.460044778,m.garh
14,19,14,17.68408797,6.699164936,vihari
37,18,12,10.2708877,7.401121811,khanewal
26,15,6,17.22034507,6.912033409,lodhran
13,22,5,19.667056,7.764040111,multan
32,25,9,10.35609594,7.796034006,pakpatan
19,7,9,27.255435,6.969883483,sahiwal
28,7,9,34.5917846,6.730757538,okara
24,30,11,32.39523995,6.601395755,kasur
7,17,10,10.16431299,6.465913274,lahore
18,23,8,21.49118657,6.41354791,nankana sahib
7,20,12,16.53460397,6.475275337,shekupora
20,23,11,31.8520694,6.407715561,hafizabad
18,14,11,28.04799508,6.550814117,gujranwala
34,11,10,31.75048899,7.36220835,narowall
20,29,10,29.07412717,7.36549204,sialkot
37,24,13,19.14381903,7.8546243,gujrat
12,8,10,16.14820285,7.995848977,gujrat
34,10,14,34.05296914,6.725600855,gujrat
6,13,9,34.51423957,7.786725333,chainiot
27,30,5,32.71748548,7.656978112,jhang
13,8,12,25.16296632,7.105904818,faisalabad
6,7,7,27.68167318,7.199106204,bakar
40,17,15,21.35093384,7.871063004,mianwali
31,26,9,11.69894639,7.566165721,sialkot
61,68,50,35.21462816,6.793245417,attock
58,46,45,42.39413392,6.576261427,rawalpindi 
45,47,55,38.4191628,6.751452932,isl
39,65,53,35.33294932,6.560743093,jehlum
31,68,45,42.92325255,6.938313356,chakwall
70,68,45,33.83508569,6.991626158,sarjodha
68,62,50,33.20258348,6.977700268,khushab
34,65,47,23.48546973,6.833768535,mianwali
38,68,54,29.33710543,6.739170045,bakar
69,64,47,40.21199348,6.993473247,faisalabad
58,51,47,42.13473976,6.757470637,tobataiksingh
59,47,53,32.86316618,6.850663232,jhang
44,64,54,29.80744318,6.74274935,gujrat
56,57,48,31.56213762,6.506120752,m.b.din
69,60,54,36.32268069,6.98992719,sialkot
56,58,49,37.13165026,6.69215564,narowall
49,55,53,38.4418717,6.544029776,gujranwala
38,51,52,32.66160599,6.927803911,hafizabad
54,65,47,27.92765919,6.721835879,shekupora
57,57,51,39.01793345,6.99223441,nankana sahib
39,52,53,32.51247398,6.704204398,lahore
58,67,45,38.72382798,6.702424548,kasur
61,64,52,43.30204933,6.641098708,okara
34,62,55,27.58548913,6.585346229,sahiwal
31,48,45,40.78881819,6.563134737,pakpatan
47,46,52,23.19451074,6.502289473,multan
32,68,52,32.68067385,6.800321319,lodhran
36,59,46,34.28879307,6.721130543,khanewal
61,51,51,39.30050027,6.574677594,vihari
70,54,46,39.73149053,6.919342407,muzafargarh
44,56,49,39.23342464,6.519779583,layyah
34,68,51,27.34734861,6.687088098,d.g.khan
50,59,47,40.76998685,6.747975732,rajanpur
39,70,52,26.26559543,6.65149129,bahawalnagar
34,61,49,28.12971499,6.502675132,ryk
44,60,55,34.2804607,6.825371185,bahawalnagar
31,62,52,33.7960155,6.99104104,gujrat
65,62,51,31.53243779,6.511624841,m.b.din
44,57,53,42.30495821,6.93172108,sialkot
50,47,48,24.63676897,6.712772333,narowall
43,50,48,28.28222883,6.63016515,gujranwala
60,46,53,24.48620746,6.761953186,hafizabad
70,68,55,42.84609252,6.691202286,shekupora
59,62,52,43.67549305,6.608667684,nankana sahib
60,58,51,42.07213781,6.840802254,lahore
42,60,47,33.46873719,6.834808348,kasur
35,66,47,31.7018373,6.953439161,okara
34,65,48,41.41968393,6.665024508,sahiwal
36,54,46,42.54744013,6.662875839,pakpatan
39,64,52,28.91842453,6.678695788,multan
37,52,47,43.08022702,6.54277684,lodhran
33,47,46,29.20300896,6.839443833,khanewal
34,48,48,41.04224355,6.805277038,vihari
49,54,50,25.62446619,6.762522087,muzafargarh
40,65,49,35.32876402,6.678449318,layyah
68,52,49,24.42561272,6.577192175,d.g.khan
50,46,52,31.18298415,6.734005648,rajanpur
65,63,50,31.88342554,6.524459342,bahawalnagar
40,49,47,42.93368602,6.501521192,ryk
42,53,48,23.11407669,6.758479569,bahawalnagar
49,55,51,24.87212063,6.676578778,attock
59,62,49,43.36051537,6.941496806,rawalpindi 
63,58,47,26.83054058,6.864143752,isl
70,65,52,30.42012134,6.583528529,jehlum
63,50,52,28.64555584,6.751747609,chakwall
40,64,47,32.50037548,6.893509446,sarjodha
63,58,50,43.03714283,6.720744449,khushab
45,58,49,30.10773379,6.827812549,mianwali
66,69,47,23.69212243,6.912299695,bakar
54,67,52,35.67667332,6.586107335,faisalabad
69,67,52,27.71948962,6.827305908,tobataiksingh
67,68,49,35.26824831,6.821774589,jhang
45,57,47,23.16855863,6.656458831,gujrat
56,50,52,33.08706051,6.770384816,m.b.din
70,50,53,37.4620912,6.933809743,sialkot
44,47,45,38.73218907,6.579441304,narowall
50,60,47,32.57720726,6.92791761,gujranwala
52,51,53,38.38231475,6.985804083,hafizabad
35,68,45,42.93605359,6.612429546,shekupora
68,69,52,25.65492304,6.813383387,nankana sahib
32,55,52,37.58899717,6.9677596,lahore
32,55,51,29.60718808,6.57398033,m.b.din
48,62,47,25.34756111,6.803094965,sialkot
39,69,53,25.9300384,6.964955435,narowall
49,61,45,32.76795887,6.764213299,gujranwala
48,57,54,29.02328049,6.617703178,hafizabad
69,66,49,40.00439101,6.52711001,shekupora
53,55,55,33.32315744,6.709668804,nankana sahib
38,61,52,31.22790131,6.620729882,lahore
57,64,55,26.68386496,6.583760499,kasur
51,57,55,24.70528368,6.676407337,okara
56,65,45,38.2016825,6.751298936,sahiwal
54,66,52,36.56769731,6.867554147,pakpatan
58,55,47,26.05375792,6.742490027,multan
68,70,54,31.29986342,6.986228647,lodhran
42,59,55,40.10207731,6.979102243,khanewal
43,64,47,38.58954491,6.825664782,vihari
35,67,49,41.31330062,6.617066674,muzafargarh
56,59,55,37.03551903,6.551892638,layyah
39,64,53,23.0124018,6.598860305,d.g.khan
18,30,29,26.7627493,6.420018717,ryk
37,23,28,25.61294367,5.740054567,bahawalnagar
13,28,33,28.130115,5.686972967,bwp
2,21,35,25.02887163,6.293662363,rajanpur
10,18,35,27.79797651,6.381975465,digikhan
7,11,32,29.25902906,5.542169139,layyah
39,5,31,27.10134661,5.551963184,m.garh
34,6,27,25.84726298,5.860740481,vihari
31,30,29,26.58580443,5.558807063,khanewal
25,7,35,28.38503882,5.55771171,lodhran
16,18,26,28.43647052,5.568365926,multan
26,10,33,28.27298134,6.07071786,pakpatan
27,8,32,27.00648436,5.627860549,sahiwal
37,18,30,27.63551259,6.38488418,okara
19,15,34,26.29644905,5.685889066,kasur
0,19,33,27.1326009,6.234458417,lahore
31,20,26,25.56567803,6.443168642,nankana sahib
9,17,32,25.94951662,5.842317989,shekupora
22,11,29,28.03380598,5.955742971,hafizabad
31,6,26,29.12859129,5.741367375,gujranwala
34,6,30,27.0828252,5.948342571,narowall
24,6,32,28.11321494,6.387067562,sialkot
1,8,26,27.5136304,5.562911913,gujrat
31,13,33,27.63834933,5.85971872,gujrat
10,9,28,29.01256899,6.282955073,gujrat
36,27,26,26.58413917,6.25449571,chainiot
38,24,33,28.28905147,5.973853124,jhang
11,6,25,28.69164799,6.081568052,faisalabad
16,14,30,29.70931288,6.37466756,bakar
33,14,35,27.14865285,6.027707171,mianwali
16,6,29,29.28725038,5.868285082,sialkot
32,11,31,25.06871967,6.205931638,gujrat
38,14,30,26.92449525,5.570745386,gujrat
8,6,33,28.27804288,6.095261013,gujrat
23,6,33,29.18032562,6.025789594,chainiot
29,25,35,28.3575072,5.542873799,jhang
24,14,33,29.38072512,6.366219551,faisalabad
32,12,30,25.39241091,5.579845008,bakar
30,25,31,26.31270635,5.804965067,mianwali
14,21,35,29.52501367,6.121005506,rajanpur
27,22,29,28.83214859,6.000248647,digikhan
40,5,29,28.48444906,5.820978791,layyah
17,11,32,28.74013335,5.620733794,m.garh
30,30,35,25.00872392,6.001936419,vihari
28,10,30,29.8690834,6.305740522,khanewal
39,7,29,27.54273211,6.362544111,lodhran
32,20,35,26.52166434,5.588655387,multan
7,15,32,25.03512351,6.182232762,pakpatan
29,17,29,29.20394909,5.959493188,sahiwal
34,15,34,27.05826457,5.677282678,gujrat
14,23,25,26.18552389,5.612122797,mianwali
18,19,29,27.59376845,6.206077742,bakar
7,21,35,25.76011662,5.764812076,tobataiksingh
24,27,34,28.87862994,6.203376525,faisalabad
39,29,29,26.50908611,6.143662699,jhang
29,8,28,26.87037587,6.100429497,narowall
10,24,27,27.57283516,5.708409601,multan
0,29,32,28.05912437,5.868255858,khanewal
32,11,31,29.51611558,6.461225827,lodhran
37,10,32,28.96318258,6.165084855,jhang
20,29,27,25.09897688,6.047044342,jhang
31,29,35,27.1872282,6.137102505,jhang
17,30,27,29.03065024,5.894027065,jhang
1,12,30,27.754298,5.56222383,bakar
6,13,29,27.31155708,5.832608028,bakar
15,28,32,28.84270971,6.218571874,bakar
27,24,29,26.61423461,6.142010637,gujrat
3,23,30,29.70143197,6.078807239,gujrat
8,26,26,25.54759871,5.702484758,gujrat
20,28,26,26.37978453,5.547594847,ryk
26,18,27,27.45907759,5.836075368,bahawalnagar
1,6,35,27.02269204,6.231662767,bwp
27,30,31,28.98545306,5.718120393,rajanpur
23,7,34,26.1055118,5.852038202,digikhan
0,26,31,25.0707247,5.547933273,layyah
38,6,25,25.54963273,6.156259104,m.garh
25,12,26,28.56973521,6.436314406,vihari
40,5,32,26.07010807,5.981169595,khanewal
0,19,31,25.51791333,6.271952833,lodhran
26,9,32,25.9490364,6.470465614,multan
35,30,34,28.2974764,6.141502001,pakpatan
19,30,30,29.56549169,5.826381164,sahiwal
31,13,33,29.69952329,6.342463714,okara
17,29,26,26.14162144,6.071897347,kasur
2,30,30,26.00175125,6.331051715,lahore
30,13,25,27.15116142,6.413184638,nankana sahib
8,15,33,28.97318719,5.50158009,shekupora
18,12,35,26.13958446,6.338720873,hafizabad
8,28,30,25.51618488,6.015672239,gujranwala
40,22,29,27.55821802,5.735364307,narowall
27,10,33,27.81132822,6.465906333,sialkot
21,20,31,25.60033702,5.855457599,gujrat
3,9,35,26.91641934,6.318552973,gujrat
22,16,27,29.1797902,6.006784979,gujrat
27,8,30,26.44600063,6.008386283,chainiot
22,8,33,28.43572863,5.665785202,jhang
28,27,32,28.94099669,5.764615485,faisalabad
23,21,26,26.45488737,5.901495544,bakar
37,5,34,25.79490531,5.779032666,mianwali
19,26,29,26.93141945,5.67154928,sialkot
133,47,24,24.40228894,7.231324765,attock
136,36,20,23.09595631,6.925412377,rawalpindi 
104,47,18,23.9656349,7.633437412,isl
133,47,23,24.88738107,6.827354668,jehlum
126,38,23,25.36243778,6.176716425,chakwall
126,50,19,24.69457084,6.628722836,sarjodha
113,41,20,25.0017188,7.256877571,khushab
121,45,22,22.45942937,6.443785385,mianwali
121,47,16,23.60564038,7.723240151,bakar
129,60,22,24.58453146,5.947448589,faisalabad
107,45,25,23.0865933,7.227745516,tobataiksingh
122,59,18,23.5000992,6.219469084,jhang
140,38,15,24.1472953,6.021439523,gujrat
102,49,21,24.69315538,6.253343655,m.b.din
111,40,25,24.484692,6.187455799,sialkot
131,35,18,24.49112609,7.057693366,narowall
135,43,16,23.47986888,6.720449769,gujranwala
100,46,18,24.18586246,6.431689506,hafizabad
123,39,24,25.00755095,7.453106264,shekupora
117,56,15,25.99237426,7.368258226,nankana sahib
121,36,24,23.66457347,7.352401887,lahore
101,58,18,25.66891439,6.652143699,kasur
107,42,24,22.04612876,6.144631795,okara
100,41,22,22.4204752,7.318802162,sahiwal
125,39,21,25.03149561,7.954629324,pakpatan
105,60,23,23.53371386,6.207652157,multan
102,46,19,22.77076388,6.631005298,lodhran
131,49,22,25.49848236,7.306918817,khanewal
139,35,15,25.248679,5.898293044,vihari
108,36,19,22.78249615,7.238566893,muzafargarh
118,45,23,23.37044424,7.977651226,layyah
107,51,22,24.86560781,5.983075895,d.g.khan
125,60,17,24.14386157,6.785723961,rajanpur
113,37,20,25.03300222,7.393441155,bahawalnagar
131,52,16,23.65724079,6.486068274,ryk
115,48,16,25.54359718,7.175934962,bahawalnagar
113,38,25,22.00085141,7.388265888,gujrat
111,41,18,23.64328417,6.10539819,m.b.din
111,53,19,23.96436009,6.419536555,sialkot
122,48,16,24.65425757,6.307585854,narowall
108,46,17,24.3017998,6.93221485,gujranwala
132,41,22,24.29144926,7.810865753,hafizabad
103,42,17,24.29470232,6.527541661,shekupora
133,50,25,25.72180042,7.569454601,nankana sahib
127,37,18,24.87663664,7.041065585,lahore
110,39,25,22.60612115,7.208795456,kasur
131,38,19,23.86814008,6.814341946,okara
108,38,24,23.41022496,7.442217061,sahiwal
122,40,17,24.96440768,6.854558957,pakpatan
111,50,15,25.16820129,7.884550475,multan
140,40,17,22.72767171,6.006085786,lodhran
100,40,20,22.45145981,7.432043735,khanewal
123,50,16,23.04920461,6.498052108,vihari
107,36,21,25.29250148,6.205263534,muzafargarh
118,50,19,22.95604064,6.360812227,layyah
103,51,20,22.80213132,7.046607434,d.g.khan
133,57,19,23.54234715,7.947011366,rajanpur
129,47,20,24.41212325,6.281913858,bahawalnagar
116,52,19,22.94276687,6.114525877,ryk
114,40,23,25.53676123,6.753978061,bahawalnagar
131,60,17,25.32023717,7.425041316,attock
107,43,18,22.426733,6.745104394,rawalpindi 
123,44,21,25.78544484,7.641116569,isl
112,49,25,25.68959532,6.470135478,jehlum
119,44,15,22.14593688,7.091992365,chakwall
130,59,19,25.07278712,6.520403794,sarjodha
127,53,24,22.21506982,6.127939628,khushab
134,52,18,23.9643129,7.994679507,mianwali
109,36,18,25.40059227,7.524707577,bakar
100,48,17,23.7805123,7.827877818,faisalabad
132,52,19,24.16402322,6.436691764,tobataiksingh
102,37,25,25.31468463,5.907930899,jhang
111,39,22,22.60361557,6.135025006,gujrat
117,51,15,22.9535715,6.044556594,m.b.din
136,36,24,22.74446976,7.59781958,sialkot
134,56,18,23.80834611,6.691268104,narowall
112,54,15,25.46228792,6.175492306,gujranwala
105,56,15,25.96779712,7.272316209,hafizabad
140,45,15,25.5308271,5.801047545,shekupora
126,46,25,24.43847399,6.757457943,nankana sahib
106,49,24,23.03887865,6.983395573,lahore
121,53,19,23.51308653,7.976889498,m.b.din
108,60,17,22.75805656,6.558902588,sialkot
116,56,17,24.71252544,7.979090365,narowall
100,52,19,23.45969093,7.903528673,gujranwala
129,43,16,25.5503704,6.73210948,hafizabad
118,44,23,22.08458267,6.691690476,shekupora
117,43,25,24.68854799,7.839849298,nankana sahib
126,37,21,25.84997269,6.61448588,lahore
120,48,16,22.46054478,7.456971816,kasur
102,45,16,23.65629976,7.2942193,okara
131,56,20,22.00817088,7.762647875,sahiwal
114,40,17,24.32630461,6.363406102,pakpatan
101,37,18,22.92360984,7.63737841,multan
106,46,20,23.43821725,6.200671976,lodhran
113,38,20,22.10718988,6.364729934,khanewal
102,53,21,23.03814028,6.913678684,vihari
110,39,18,24.54795322,7.766259769,muzafargarh
107,58,15,23.73868041,7.55606399,layyah
120,60,15,22.31871914,7.288377241,d.g.khan
89,47,38,25.52468965,6.002524871,ryk
60,37,39,26.59104992,6.033485257,bahawalnagar
63,41,45,25.29781791,7.121933579,bwp
86,40,39,25.72100868,6.207459637,rajanpur
96,41,40,23.58419277,6.090060478,digikhan
100,35,36,25.31042337,6.346715209,layyah
63,37,43,23.41798979,6.661957897,m.garh
70,43,40,24.35564134,6.176860192,vihari
67,55,44,26.284017,7.251847296,khanewal
74,40,40,25.13842773,6.386259978,lodhran
89,53,44,24.88692811,7.319735475,multan
74,46,45,25.75734909,6.025028997,pakpatan
89,41,38,23.12844351,6.344751947,sahiwal
60,55,40,24.9949957,7.02777956,okara
67,43,38,25.21622704,7.299304715,kasur
70,38,35,24.39736241,7.014063944,lahore
74,49,38,23.31410442,7.488014404,nankana sahib
90,40,39,25.72668885,6.626503893,shekupora
82,35,44,26.96656378,6.239011,hafizabad
73,45,37,23.70467146,6.742688094,gujranwala
85,53,38,24.90075709,6.588017308,narowall
81,56,36,23.39605743,7.097586415,sialkot
84,55,38,26.8748389,6.956682743,gujrat
80,45,42,23.1426498,7.380396262,gujrat
76,54,45,24.29496635,6.176618831,gujrat
76,56,39,24.39459498,6.551130445,chainiot
81,40,45,25.7629429,6.427726565,jhang
76,44,45,25.4879684,6.740947635,faisalabad
69,47,40,25.37122686,6.130136384,bakar
82,40,45,26.21312799,6.667633355,mianwali
69,57,35,24.30748599,6.186814392,sialkot
81,36,38,23.76554749,6.334837865,gujrat
67,60,38,24.79853023,7.16214284,gujrat
72,51,40,23.20683504,7.422318499,gujrat
65,39,45,23.66805429,6.768001309,chainiot
78,50,43,25.12417673,6.348441469,jhang
77,52,41,23.89069041,6.097294061,faisalabad
89,52,42,23.09433785,6.14132902,bakar
62,49,37,24.21744605,7.479248124,mianwali
90,48,45,24.06475727,6.509174789,rajanpur
66,47,36,24.85441411,6.57256106,digikhan
80,52,39,26.41915161,7.165696848,layyah
89,52,45,24.89326318,7.207457208,m.garh
77,51,44,23.25583402,7.124333547,vihari
94,37,41,24.7634518,6.463538707,khanewal
75,41,35,24.97042599,6.856833064,lodhran
60,55,36,26.12797248,7.132389299,multan
62,56,35,25.97825807,6.235357638,pakpatan
84,40,42,26.2830571,6.704273839,sahiwal
100,56,40,26.38905406,7.433313409,gujrat
75,56,44,25.2746335,6.109478059,mianwali
78,46,42,23.09499564,7.095413294,bakar
82,48,36,25.79351957,6.352076783,tobataiksingh
100,58,41,23.17403323,6.658769991,faisalabad
88,50,40,25.63215038,7.051822472,jhang
67,41,40,25.848795,7.333143205,narowall
72,42,43,26.56767277,6.352771037,multan
89,40,43,26.24532085,7.124050134,khanewal
89,57,43,26.91515043,6.998787171,lodhran
61,41,44,24.36972377,6.537914958,jhang
79,45,43,25.71901283,7.171054239,jhang
84,40,43,25.01157559,7.228268228,jhang
98,43,35,25.40785911,7.319952206,jhang
75,36,44,23.28081,6.613341343,bakar
89,58,35,23.98651719,6.096838784,bakar
91,41,37,24.48556447,6.132570523,bakar
77,48,36,25.86705009,7.36008498,gujrat
66,58,35,23.5643831,7.321619041,gujrat
62,59,41,24.2248758,7.175170657,gujrat
82,35,35,25.49386782,7.299076163,ryk
61,41,35,24.97178693,6.842966479,bahawalnagar
99,57,38,24.80624984,6.356295568,bwp
70,42,43,23.16814977,6.508342839,rajanpur
90,59,35,24.25133493,7.098227926,digikhan
73,43,42,26.58361011,6.310699968,layyah
67,46,44,26.82489244,7.093328631,m.garh
84,37,42,25.49674786,6.691074249,vihari
72,41,36,24.09874353,6.187746776,khanewal
71,56,37,23.18866654,6.491506245,lodhran
64,53,38,26.24347471,6.855362875,multan
65,54,39,23.75091572,7.124571593,pakpatan
60,58,37,26.13871511,6.067302109,sahiwal
86,39,43,26.14576648,6.432051512,okara
90,50,44,26.91643698,6.253408852,kasur
91,38,36,26.5232969,7.287318723,lahore
87,48,38,23.81579631,7.161865733,nankana sahib
72,41,36,26.50838667,6.065898283,shekupora
71,54,35,26.63952463,7.311077075,hafizabad
82,46,41,23.3250131,6.581693772,gujranwala
71,52,43,26.47549543,6.732826127,narowall
80,43,43,23.78756036,6.014572075,sialkot
77,55,43,25.49941707,6.663559451,gujrat
95,57,41,23.24925555,6.434610995,gujrat
63,47,35,26.98582182,7.432768147,gujrat
93,43,38,23.61475336,6.987332927,chainiot
87,44,43,23.87484465,6.718725189,jhang
88,52,39,23.92887902,6.880204617,faisalabad
90,39,37,24.81441246,6.86106911,bakar
90,39,43,24.44743944,6.7693455,mianwali
84,38,43,26.57421679,7.26158085,sialkot
91,21,26,26.33377983,7.261313694,attock
107,21,26,26.45288458,7.235070264,rawalpindi 
83,38,35,25.70822684,7.18915558,isl
108,24,31,24.12832546,6.431899748,jehlum
116,28,34,23.44372334,6.42321105,chakwall
116,23,25,23.4123707,6.869720196,sarjodha
109,31,27,23.05951896,6.973839707,khushab
89,25,34,23.07895447,7.184801627,mianwali
118,18,32,27.6496114,6.351823783,bakar
111,32,34,25.46743689,6.392048018,faisalabad
84,36,28,26.7350622,6.119892347,tobataiksingh
85,33,25,26.20811417,6.910823945,jhang
99,15,27,27.0424167,6.501157208,gujrat
81,30,31,24.65090184,7.027585559,m.b.din
95,39,29,27.35152643,7.13411409,sialkot
81,34,30,25.17787724,6.647765997,narowall
80,15,28,23.11438731,6.703270635,gujranwala
104,20,26,27.22783677,7.493191968,hafizabad
109,29,28,23.26316991,6.724688503,shekupora
100,32,26,25.234661,6.043485685,nankana sahib
100,24,28,25.59535262,7.101661011,lahore
83,21,28,25.5674832,7.466900683,kasur
120,23,28,25.67324193,6.877799264,okara
104,26,30,24.40726724,6.410992833,sahiwal
108,33,31,23.69287069,7.393825704,pakpatan
91,25,26,24.53460016,7.482414225,multan
86,26,27,27.13140403,6.081172981,lodhran
98,18,27,27.56088634,6.516312148,khanewal
111,27,31,23.59302313,6.043330951,vihari
84,39,35,23.17714381,6.959404135,muzafargarh
98,27,27,24.71384065,7.238109556,layyah
118,21,34,24.38534644,7.234258375,d.g.khan
103,27,31,27.15998538,6.691541233,rajanpur
82,24,33,26.53543168,6.809593554,bahawalnagar
86,31,35,27.01207284,6.485761419,ryk
88,35,35,27.55906475,6.784460602,bahawalnagar
84,27,29,23.32293161,7.167092586,gujrat
120,40,33,24.23850608,6.73410539,m.b.din
106,40,30,23.42611644,6.779984384,sialkot
113,21,33,26.02241444,7.277422738,narowall
117,34,25,24.83846178,7.21270048,gujranwala
80,30,25,26.24092174,7.487266991,hafizabad
88,21,27,24.43011925,7.231166546,shekupora
113,33,34,26.00373964,6.559817161,nankana sahib
87,23,28,26.22367404,6.979590627,lahore
113,15,29,27.09617155,6.779230041,kasur
98,29,30,25.64004392,6.217974349,okara
97,29,27,27.74576987,7.205078785,sahiwal
85,35,32,26.24928198,6.854011265,pakpatan
82,29,35,26.67377159,6.246872394,multan
103,33,25,27.10210397,6.911066044,lodhran
112,17,28,27.62975458,6.777417989,khanewal
99,19,33,27.5364547,6.273741983,vihari
120,20,34,23.56960509,6.906124587,muzafargarh
114,27,28,24.99451759,7.162802357,layyah
100,40,35,27.56441788,6.955787351,d.g.khan
108,35,25,23.98143338,6.971963169,rajanpur
115,31,30,24.22984659,6.840927967,bahawalnagar
87,28,30,25.60153969,6.536676653,ryk
82,24,26,24.31274458,6.089443603,bahawalnagar
94,26,27,26.36629861,7.456460375,attock
87,28,35,26.5602777,6.759211911,rawalpindi 
118,40,35,26.35034208,7.460174812,isl
87,38,29,25.20406808,6.652642579,jehlum
92,40,30,23.35723208,6.026287448,chakwall
97,22,26,23.60567546,6.074190142,sarjodha
99,40,32,24.18471151,7.045543056,khushab
89,28,33,26.44414097,6.993236001,mianwali
112,39,29,26.12492233,6.726528895,bakar
111,28,26,27.77363343,6.937352845,faisalabad
114,20,26,25.55656667,7.27905689,tobataiksingh
117,26,30,27.92374437,7.079850922,jhang
111,29,31,26.05968403,6.136286518,gujrat
119,30,28,26.35770906,6.505203696,m.b.din
116,40,33,24.91370487,7.042089492,sialkot
95,37,35,27.31317116,6.348337519,narowall
86,40,33,26.1387869,7.432322234,gujranwala
117,37,32,23.1069385,6.787658922,hafizabad
105,18,35,23.52648086,6.743417121,shekupora
109,23,25,25.11711046,7.00733163,nankana sahib
80,18,31,24.02952505,7.303033217,lahore
101,31,26,26.70897548,6.861235184,m.b.din
103,33,33,26.71717393,7.131435858,sialkot
93,26,27,24.59245684,7.288211994,narowall
104,35,28,27.51006055,6.983732393,gujranwala
116,36,25,27.57847581,6.172090205,hafizabad
107,38,29,26.65069302,6.35118177,shekupora
101,33,33,26.97251562,6.908671379,nankana sahib
107,31,31,23.17124551,6.766184468,lahore
99,16,30,23.52652084,6.392791654,kasur
103,40,30,27.30901814,6.348316257,okara
118,31,34,27.54823036,6.123796057,sahiwal
106,21,35,25.627355,7.428523634,pakpatan
116,38,34,23.29250318,6.020947179,multan
97,35,26,24.91461008,6.334610249,lodhran
107,34,32,26.77463708,6.78006386,khanewal
99,15,27,27.41711238,6.086922359,vihari
118,33,30,24.13179691,6.362607851,muzafargarh
117,32,34,26.2724184,6.758792552,layyah
104,18,30,23.60301571,6.779832611,d.g.khan
